fixed_acidity,volatile_acidity,citric_acid,residual_sugar,chlorides,total_sulfur_dioxide,density,pH,sulphates,alcohol,quality,log_residual_sugar,log_chlorides,log_total_sulfur_dioxide,log_sulphates
7.2,0.5,0.18,2.1,0.071,31.0,0.99761,3.52,0.72,9.6,6,1.1314021114911006,0.06859279146561172,3.4657359027997265,0.5423242908253617
7.0,0.58,0.28,4.8,0.085,69.0,0.99633,3.32,0.7,11.0,6,1.7578579175523736,0.08157998699242287,4.248495242049359,0.5306282510621704
8.5,0.28,0.56,1.8,0.092,103.0,0.9969,3.3,0.75,10.5,7,1.0296194171811583,0.0880108773227133,4.6443908991413725,0.5596157879354227
7.1,0.52,0.03,2.6,0.076,92.0,0.99745,3.5,0.6,9.8,5,1.2809338454620642,0.07325046173959267,4.532599493153256,0.4700036292457355
7.1,0.61,0.02,2.5,0.081,87.0,0.99745,3.48,0.6,9.7,6,1.252762968495368,0.07788653865707122,4.477336814478207,0.4700036292457355
8.2,0.23,0.42,1.9,0.069,17.0,0.99376,3.21,0.54,12.3,6,1.0647107369924282,0.06672363204290818,2.8903717578961645,0.43178241642553783
8.0,0.58,0.28,3.2,0.066,114.0,0.9973,3.22,0.54,9.4,6,1.4350845252893227,0.0639133257436528,4.74493212836325,0.43178241642553783
7.7,0.58,0.1,1.8,0.102,109.0,0.99565,3.08,0.49,9.8,6,1.0296194171811583,0.09712671073072274,4.700480365792417,0.3987761199573678
7.0,0.57,0.02,2.0,0.072,26.0,0.99575,3.36,0.61,10.2,5,1.0986122886681098,0.06952606264861023,3.295836866004329,0.4762341789963716
7.4,0.55,0.22,2.2,0.106,72.0,0.9959,3.05,0.63,9.2,5,1.1631508098056809,0.10074990310014305,4.290459441148391,0.48858001481867097
10.1,0.45,0.23,1.9,0.0819999999999999,18.0,0.99774,3.22,0.65,9.3,6,1.0647107369924282,0.0788111804242897,2.9444389791664403,0.5007752879124893
6.2,0.43,0.22,1.8,0.078,56.0,0.99633,3.52,0.6,9.5,6,1.0296194171811583,0.07510747248680541,4.04305126783455,0.4700036292457355
6.0,0.5,0.04,2.2,0.092,26.0,0.99647,3.46,0.47,10.0,5,1.1631508098056809,0.0880108773227133,3.295836866004329,0.3852624007906449
11.3,0.34,0.45,2.0,0.0819999999999999,15.0,0.9988,2.94,0.66,9.2,6,1.0986122886681098,0.0788111804242897,2.772588722239781,0.5068176023684519
10.6,0.28,0.39,15.5,0.069,23.0,1.0026,3.12,0.66,9.2,5,2.803360380906535,0.06672363204290818,3.1780538303479458,0.5068176023684519
7.2,0.695,0.13,2.0,0.076,20.0,0.99546,3.29,0.54,10.1,5,1.0986122886681098,0.07325046173959267,3.044522437723423,0.43178241642553783
9.3,0.655,0.26,2.0,0.096,35.0,0.99738,3.25,0.42,9.6,5,1.0986122886681098,0.0916671885258238,3.58351893845611,0.35065687161316933
4.9,0.42,0.0,2.1,0.048,42.0,0.99154,3.71,0.74,14.0,7,1.1314021114911006,0.04688358589885042,3.7612001156935624,0.5538851132264376
8.1,0.53,0.22,2.2,0.078,89.0,0.99678,3.26,0.46,9.6,6,1.1631508098056809,0.07510747248680541,4.499809670330265,0.3784364357202451
8.0,0.38,0.06,1.8,0.078,49.0,0.99625,3.37,0.52,9.9,6,1.0296194171811583,0.07510747248680541,3.912023005428146,0.41871033485818504
10.9,0.39,0.47,1.8,0.118,14.0,0.9982,3.3,0.75,9.8,6,1.0296194171811583,0.11154137473290741,2.70805020110221,0.5596157879354227
8.6,0.53,0.22,2.0,0.1,27.0,0.9967,3.2,0.56,10.2,6,1.0986122886681098,0.09531017980432487,3.332204510175204,0.44468582126144574
9.4,0.33,0.59,2.8,0.079,30.0,0.9976,3.12,0.54,12.0,6,1.33500106673234,0.0760346862759976,3.4339872044851463,0.43178241642553783
6.9,0.74,0.03,2.3,0.054,16.0,0.99508,3.45,0.63,11.5,6,1.1939224684724346,0.05259245011917058,2.833213344056216,0.48858001481867097
8.3,0.6,0.13,2.6,0.085,24.0,0.9984,3.31,0.59,9.2,6,1.2809338454620642,0.08157998699242287,3.2188758248682006,0.4637340162321401
12.7,0.6,0.49,2.8,0.075,19.0,0.9994,3.14,0.57,11.4,5,1.33500106673234,0.07232066157962612,2.995732273553991,0.4510756193602167
8.1,0.73,0.0,2.5,0.081,24.0,0.99798,3.38,0.46,9.6,4,1.252762968495368,0.07788653865707122,3.2188758248682006,0.3784364357202451
7.6,0.685,0.23,2.3,0.111,84.0,0.9964,3.21,0.61,9.3,5,1.1939224684724346,0.10526051065749295,4.442651256490317,0.4762341789963716
8.2,0.78,0.0,2.2,0.089,26.0,0.9978,3.37,0.46,9.6,4,1.1631508098056809,0.08525984395082342,3.295836866004329,0.3784364357202451
11.9,0.58,0.58,1.9,0.071,18.0,0.998,3.09,0.63,10.0,6,1.0647107369924282,0.06859279146561172,2.9444389791664403,0.48858001481867097
7.4,0.64,0.07,1.8,0.1,23.0,0.9961,3.3,0.58,9.6,5,1.0296194171811583,0.09531017980432487,3.1780538303479458,0.4574248470388754
6.1,0.64,0.02,2.4,0.069,46.0,0.99358,3.47,0.45,11.0,5,1.2237754316221157,0.06672363204290818,3.8501476017100584,0.37156355643248307
7.0,0.57,0.0,2.0,0.19,45.0,0.99676,3.31,0.6,9.4,6,1.0986122886681098,0.173953307123438,3.828641396489095,0.4700036292457355
6.2,0.39,0.43,2.0,0.071,24.0,0.99428,3.45,0.87,11.2,7,1.0986122886681098,0.06859279146561172,3.2188758248682006,0.6259384308664953
12.0,0.28,0.49,1.9,0.074,21.0,0.9976,2.98,0.66,9.9,7,1.0647107369924282,0.07138999608667294,3.091042453358316,0.5068176023684519
10.0,0.26,0.54,1.9,0.083,74.0,0.99451,2.98,0.63,11.8,8,1.0647107369924282,0.07973496801885356,4.31748811353631,0.48858001481867097
8.8,0.61,0.19,4.0,0.094,69.0,0.99787,3.22,0.5,10.0,6,1.6094379124341003,0.08984070399978947,4.248495242049359,0.4054651081081644
7.4,0.53,0.12,1.9,0.165,12.0,0.99702,3.26,0.86,9.2,5,1.0647107369924282,0.1527210870176639,2.5649493574615367,0.6205764877251099
5.8,1.01,0.66,2.0,0.039,88.0,0.99357,3.66,0.6,11.5,6,1.0986122886681098,0.03825871211709034,4.48863636973214,0.4700036292457355
6.6,0.58,0.0,2.2,0.1,63.0,0.99544,3.59,0.68,11.4,6,1.1631508098056809,0.09531017980432487,4.1588830833596715,0.5187937934151676
11.6,0.58,0.66,2.2,0.074,47.0,1.0008,3.25,0.57,9.0,3,1.1631508098056809,0.07138999608667294,3.871201010907891,0.4510756193602167
10.7,0.46,0.39,2.0,0.061,15.0,0.9981,3.18,0.62,9.5,5,1.0986122886681098,0.05921185963184608,2.772588722239781,0.4824261492442927
6.0,0.54,0.06,1.8,0.05,89.0,0.99236,3.3,0.5,10.55,6,1.0296194171811583,0.04879016416943201,4.499809670330265,0.4054651081081644
5.3,0.715,0.19,1.5,0.161,62.0,0.99395,3.62,0.61,11.0,5,0.9162907318741551,0.14928170271575444,4.143134726391533,0.4762341789963716
8.1,0.87,0.0,3.3,0.096,61.0,1.00025,3.6,0.72,9.8,4,1.4586150226995167,0.0916671885258238,4.127134385045092,0.5423242908253617
6.8,0.64,0.03,2.3,0.075,31.0,0.99545,3.36,0.58,10.4,6,1.1939224684724346,0.07232066157962612,3.4657359027997265,0.4574248470388754
6.9,0.45,0.11,2.4,0.043,12.0,0.99354,3.3,0.65,11.4,6,1.2237754316221157,0.04210117601863539,2.5649493574615367,0.5007752879124893
9.3,0.41,0.39,2.2,0.064,31.0,0.9984,3.26,0.65,10.2,5,1.1631508098056809,0.06203539091945264,3.4657359027997265,0.5007752879124893
7.5,0.685,0.07,2.5,0.0579999999999999,9.0,0.99632,3.38,0.55,10.9,4,1.252762968495368,0.056380333436107544,2.302585092994046,0.4382549309311553
9.8,0.45,0.38,2.5,0.081,66.0,0.99726,3.15,0.58,9.8,5,1.252762968495368,0.07788653865707122,4.204692619390966,0.4574248470388754
6.9,0.605,0.12,10.7,0.073,83.0,0.9993,3.45,0.52,9.4,6,2.4595888418037104,0.07045846364856141,4.430816798843313,0.41871033485818504
13.2,0.46,0.52,2.2,0.071,35.0,1.0006,3.1,0.56,9.0,6,1.1631508098056809,0.06859279146561172,3.58351893845611,0.44468582126144574
8.6,0.37,0.65,6.4,0.08,8.0,0.99817,3.27,0.58,11.0,5,2.0014800002101243,0.07696104113612832,2.1972245773362196,0.4574248470388754
7.2,0.38,0.3,1.8,0.073,70.0,0.99685,3.42,0.59,9.5,6,1.0296194171811583,0.07045846364856141,4.2626798770413155,0.4637340162321401
5.6,0.31,0.78,13.9,0.074,92.0,0.99677,3.39,0.48,10.5,6,2.7013612129514133,0.07138999608667294,4.532599493153256,0.3920420877760237
6.1,0.56,0.0,2.2,0.079,9.0,0.9948,3.59,0.54,11.5,6,1.1631508098056809,0.0760346862759976,2.302585092994046,0.43178241642553783
6.9,0.44,0.0,1.4,0.07,38.0,0.99438,3.32,0.58,11.4,6,0.8754687373538999,0.06765864847381481,3.6635616461296463,0.4574248470388754
7.7,0.41,0.76,1.8,0.611,45.0,0.9968,3.06,1.26,9.4,5,1.0296194171811583,0.47685510419483734,3.828641396489095,0.8153648132841945
6.3,0.68,0.01,3.7,0.103,54.0,0.99586,3.51,0.66,11.3,6,1.547562508716013,0.09803374027136541,4.007333185232471,0.5068176023684519
6.8,0.56,0.22,1.8,0.074,24.0,0.99438,3.4,0.82,11.2,6,1.0296194171811583,0.07138999608667294,3.2188758248682006,0.598836501088704
9.8,0.51,0.19,3.2,0.081,30.0,0.9984,3.23,0.58,10.5,6,1.4350845252893227,0.07788653865707122,3.4339872044851463,0.4574248470388754
5.2,0.34,0.0,1.8,0.05,63.0,0.9916,3.68,0.79,14.0,6,1.0296194171811583,0.04879016416943201,4.1588830833596715,0.5822156198526637
11.1,0.39,0.54,2.7,0.095,101.0,1.0001,3.13,0.51,9.5,5,1.308332819650179,0.09075436326846414,4.624972813284271,0.412109650826833
9.3,0.33,0.45,1.5,0.057,37.0,0.99498,3.18,0.89,11.1,7,0.9162907318741551,0.055434706888100586,3.6375861597263857,0.636576829071551
7.5,0.52,0.42,2.3,0.087,38.0,0.9972,3.58,0.61,10.5,6,1.1939224684724346,0.08342160813907239,3.6635616461296463,0.4762341789963716
11.6,0.42,0.53,3.3,0.105,98.0,1.001,3.2,0.95,9.2,5,1.4586150226995167,0.09984533496971613,4.59511985013459,0.6678293725756554
6.9,0.685,0.0,2.5,0.105,37.0,0.9966,3.46,0.57,10.6,6,1.252762968495368,0.09984533496971613,3.6375861597263857,0.4510756193602167
7.2,0.56,0.26,2.0,0.083,100.0,0.99586,3.26,0.52,9.9,5,1.0986122886681098,0.07973496801885356,4.61512051684126,0.41871033485818504
10.6,0.48,0.64,2.2,0.111,20.0,0.997,3.26,0.66,11.7,6,1.1631508098056809,0.10526051065749295,3.044522437723423,0.5068176023684519
9.1,0.25,0.34,2.0,0.071,67.0,0.99769,3.44,0.86,10.2,7,1.0986122886681098,0.06859279146561172,4.219507705176107,0.6205764877251099
7.6,0.51,0.24,2.4,0.091,38.0,0.998,3.47,0.66,9.6,6,1.2237754316221157,0.08709470685093376,3.6635616461296463,0.5068176023684519
7.1,0.46,0.2,1.9,0.077,54.0,0.9956,3.37,0.64,10.4,6,1.0647107369924282,0.07417939817425151,4.007333185232471,0.49469624183610705
9.2,0.54,0.31,2.3,0.1119999999999999,38.0,0.99699,3.24,0.56,10.9,5,1.1939224684724346,0.10616019582839055,3.6635616461296463,0.44468582126144574
7.9,0.19,0.42,1.6,0.057,30.0,0.994,3.29,0.69,11.2,6,0.9555114450274363,0.055434706888100586,3.4339872044851463,0.5247285289349821
7.5,0.42,0.32,2.7,0.067,25.0,0.99628,3.24,0.44,10.4,5,1.308332819650179,0.06485097231961631,3.258096538021482,0.36464311358790924
13.3,0.34,0.52,3.2,0.094,53.0,1.0014,3.05,0.81,9.5,6,1.4350845252893227,0.08984070399978947,3.9889840465642745,0.5933268452777344
10.6,0.36,0.59,2.2,0.152,18.0,0.9986,3.04,1.05,9.4,5,1.1631508098056809,0.1414995622736995,2.9444389791664403,0.7178397931503169
7.3,0.39,0.31,2.4,0.074,46.0,0.9962,3.41,0.54,9.4,6,1.2237754316221157,0.07138999608667294,3.8501476017100584,0.43178241642553783
7.4,0.74,0.07,1.7,0.086,48.0,0.99502,3.12,0.48,10.0,5,0.9932517730102833,0.08250122151174369,3.8918202981106265,0.3920420877760237
11.9,0.4,0.65,2.15,0.068,27.0,0.9988,3.06,0.68,11.3,6,1.1474024528375417,0.0657877405380031,3.332204510175204,0.5187937934151676
6.5,0.58,0.0,2.2,0.096,13.0,0.99557,3.62,0.62,11.5,4,1.1631508098056809,0.0916671885258238,2.6390573296152584,0.4824261492442927
7.2,0.52,0.07,1.4,0.074,20.0,0.9973,3.32,0.81,9.6,6,0.8754687373538999,0.07138999608667294,3.044522437723423,0.5933268452777344
9.9,0.35,0.41,2.3,0.083,61.0,0.9982,3.21,0.5,9.5,5,1.1939224684724346,0.07973496801885356,4.127134385045092,0.4054651081081644
7.7,0.63,0.08,1.9,0.076,27.0,0.9967,3.32,0.54,9.5,6,1.0647107369924282,0.07325046173959267,3.332204510175204,0.43178241642553783
8.7,0.78,0.51,1.7,0.415,66.0,0.99623,3.0,1.17,9.2,5,0.9932517730102833,0.34712953109520095,4.204692619390966,0.7747271675523681
8.2,0.39,0.49,2.3,0.099,133.0,0.9979,3.38,0.99,9.8,5,1.1939224684724346,0.09440067542148431,4.897839799950911,0.688134638736401
7.5,0.59,0.22,1.8,0.0819999999999999,60.0,0.99499,3.1,0.42,9.2,5,1.0296194171811583,0.0788111804242897,4.110873864173311,0.35065687161316933
8.8,0.955,0.05,1.8,0.075,19.0,0.99616,3.3,0.44,9.6,4,1.0296194171811583,0.07232066157962612,2.995732273553991,0.36464311358790924
8.4,0.56,0.04,2.0,0.0819999999999999,22.0,0.9976,3.22,0.44,9.6,5,1.0986122886681098,0.0788111804242897,3.1354942159291497,0.36464311358790924
10.7,0.4,0.37,1.9,0.081,29.0,0.99674,3.12,0.65,11.2,6,1.0647107369924282,0.07788653865707122,3.4011973816621555,0.5007752879124893
11.2,0.28,0.56,1.9,0.075,60.0,0.998,3.16,0.58,9.8,6,1.0647107369924282,0.07232066157962612,4.110873864173311,0.4574248470388754
7.4,1.185,0.0,4.25,0.0969999999999999,14.0,0.9966,3.63,0.54,10.7,3,1.6582280766035324,0.0925791812930931,2.70805020110221,0.43178241642553783
7.6,0.79,0.21,2.3,0.087,68.0,0.9955,3.12,0.44,9.2,5,1.1939224684724346,0.08342160813907239,4.23410650459726,0.36464311358790924
7.5,0.4,0.12,3.0,0.092,53.0,0.9967,3.37,0.7,10.3,6,1.3862943611198906,0.0880108773227133,3.9889840465642745,0.5306282510621704
6.0,0.42,0.19,2.0,0.075,47.0,0.99522,3.39,0.78,10.0,6,1.0986122886681098,0.07232066157962612,3.871201010907891,0.5766133643039938
9.6,0.88,0.28,2.4,0.086,147.0,0.9979,3.24,0.53,9.4,5,1.2237754316221157,0.08250122151174369,4.997212273764115,0.4252677354043441
7.9,0.31,0.32,1.9,0.066,36.0,0.99364,3.41,0.56,12.6,6,1.0647107369924282,0.0639133257436528,3.6109179126442243,0.44468582126144574
7.7,0.18,0.34,2.7,0.066,58.0,0.9947,3.37,0.78,11.8,6,1.308332819650179,0.0639133257436528,4.07753744390572,0.5766133643039938
6.7,0.16,0.64,2.1,0.059,52.0,0.99494,3.34,0.71,11.2,6,1.1314021114911006,0.0573250666192694,3.970291913552122,0.5364933705145685
12.4,0.49,0.58,3.0,0.103,99.0,1.0008,3.16,1.0,11.5,6,1.3862943611198906,0.09803374027136541,4.605170185988092,0.6931471805599453
6.8,0.6,0.18,1.9,0.079,86.0,0.9968,3.59,0.57,9.3,6,1.0647107369924282,0.0760346862759976,4.465908118654584,0.4510756193602167
7.8,0.5,0.17,1.6,0.0819999999999999,102.0,0.996,3.39,0.48,9.5,5,0.9555114450274363,0.0788111804242897,4.634728988229636,0.3920420877760237
9.1,0.45,0.35,2.4,0.08,78.0,0.9987,3.38,0.62,9.5,5,1.2237754316221157,0.07696104113612832,4.3694478524670215,0.4824261492442927
9.3,0.27,0.41,2.0,0.091,16.0,0.998,3.28,0.7,9.7,5,1.0986122886681098,0.08709470685093376,2.833213344056216,0.5306282510621704
6.8,0.61,0.2,1.8,0.077,65.0,0.9971,3.54,0.58,9.3,5,1.0296194171811583,0.07417939817425151,4.189654742026425,0.4574248470388754
7.6,0.54,0.13,2.5,0.0969999999999999,66.0,0.99785,3.39,0.61,9.4,5,1.252762968495368,0.0925791812930931,4.204692619390966,0.4762341789963716
6.6,0.63,0.0,4.3,0.093,77.5,0.99558,3.2,0.45,9.5,5,1.667706820558076,0.08892620919440151,4.363098624788363,0.37156355643248307
8.4,0.665,0.61,2.0,0.1119999999999999,95.0,0.997,3.16,0.54,9.1,5,1.0986122886681098,0.10616019582839055,4.564348191467836,0.43178241642553783
12.1,0.4,0.52,2.0,0.092,54.0,1.0,3.03,0.66,10.2,5,1.0986122886681098,0.0880108773227133,4.007333185232471,0.5068176023684519
6.8,0.5,0.11,1.5,0.075,49.0,0.99545,3.36,0.79,9.5,5,0.9162907318741551,0.07232066157962612,3.912023005428146,0.5822156198526637
9.5,0.57,0.27,2.3,0.0819999999999999,144.0,0.99782,3.27,0.55,9.4,5,1.1939224684724346,0.0788111804242897,4.976733742420574,0.4382549309311553
9.0,0.69,0.0,2.4,0.088,38.0,0.999,3.35,0.6,9.3,5,1.2237754316221157,0.08434114843375087,3.6635616461296463,0.4700036292457355
7.5,0.61,0.26,1.9,0.073,88.0,0.99612,3.3,0.53,9.8,5,1.0647107369924282,0.07045846364856141,4.48863636973214,0.4252677354043441
8.8,0.7,0.0,1.7,0.069,19.0,0.99701,3.31,0.53,10.0,6,0.9932517730102833,0.06672363204290818,2.995732273553991,0.4252677354043441
9.9,0.63,0.24,2.4,0.077,33.0,0.9974,3.09,0.57,9.4,5,1.2237754316221157,0.07417939817425151,3.5263605246161616,0.4510756193602167
7.7,0.58,0.01,1.8,0.088,18.0,0.99568,3.32,0.56,10.5,7,1.0296194171811583,0.08434114843375087,2.9444389791664403,0.44468582126144574
6.9,0.84,0.21,4.1,0.074,65.0,0.99842,3.53,0.72,9.25,6,1.62924053973028,0.07138999608667294,4.189654742026425,0.5423242908253617
8.1,0.82,0.0,4.1,0.095,14.0,0.99854,3.36,0.53,9.6,5,1.62924053973028,0.09075436326846414,2.70805020110221,0.4252677354043441
8.2,0.34,0.37,1.9,0.057,74.0,0.99408,3.23,0.81,12.0,6,1.0647107369924282,0.055434706888100586,4.31748811353631,0.5933268452777344
8.1,0.66,0.22,2.2,0.069,23.0,0.9968,3.3,1.2,10.3,5,1.1631508098056809,0.06672363204290818,3.1780538303479458,0.7884573603642702
8.9,0.565,0.34,3.0,0.093,112.0,0.9998,3.38,0.61,9.5,5,1.3862943611198906,0.08892620919440151,4.727387818712341,0.4762341789963716
6.4,0.47,0.4,2.4,0.071,19.0,0.9963,3.56,0.73,10.6,6,1.2237754316221157,0.06859279146561172,2.995732273553991,0.5481214085096876
6.1,0.32,0.25,1.8,0.086,32.0,0.99464,3.36,0.44,10.1,5,1.0296194171811583,0.08250122151174369,3.4965075614664802,0.36464311358790924
6.1,0.6,0.08,1.8,0.071,45.0,0.99336,3.38,0.54,11.0,5,1.0296194171811583,0.06859279146561172,3.828641396489095,0.43178241642553783
8.7,0.41,0.41,6.2,0.078,42.0,0.9953,3.24,0.77,12.6,7,1.9740810260220096,0.07510747248680541,3.7612001156935624,0.5709795465857378
11.9,0.695,0.53,3.4,0.128,21.0,0.9992,3.17,0.84,12.2,7,1.4816045409242156,0.12044615307586716,3.091042453358316,0.6097655716208943
10.0,0.29,0.4,2.9,0.098,26.0,1.0006,3.48,0.91,9.7,5,1.3609765531356006,0.09349034308733889,3.295836866004329,0.6471032420585385
11.0,0.2,0.48,2.0,0.3429999999999999,18.0,0.9979,3.3,0.71,10.5,5,1.0986122886681098,0.29490591754110046,2.9444389791664403,0.5364933705145685
7.0,0.49,0.49,5.6,0.06,121.0,0.9974,3.34,0.76,10.5,5,1.8870696490323797,0.058268908123975775,4.804021044733257,0.5653138090500605
7.3,0.73,0.24,1.9,0.108,102.0,0.9967,3.26,0.59,9.3,5,1.0647107369924282,0.10255658832509207,4.634728988229636,0.4637340162321401
12.4,0.35,0.49,2.6,0.079,69.0,0.9994,3.12,0.75,10.4,6,1.2809338454620642,0.0760346862759976,4.248495242049359,0.5596157879354227
8.5,0.28,0.35,1.7,0.061,15.0,0.99524,3.3,0.74,11.8,7,0.9932517730102833,0.05921185963184608,2.772588722239781,0.5538851132264376
9.5,0.885,0.27,2.3,0.084,145.0,0.9978,3.24,0.53,9.4,5,1.1939224684724346,0.08065790301745447,4.983606621708336,0.4252677354043441
6.4,0.36,0.53,2.2,0.23,35.0,0.9934,3.37,0.93,12.4,6,1.1631508098056809,0.20701416938432612,3.58351893845611,0.6575200029167942
5.4,0.835,0.08,1.2,0.046,93.0,0.9924,3.57,0.85,13.0,7,0.7884573603642702,0.044973365642731154,4.543294782270004,0.6151856390902335
6.5,0.67,0.0,4.3,0.057,20.0,0.99488,3.45,0.56,11.8,4,1.667706820558076,0.055434706888100586,3.044522437723423,0.44468582126144574
14.3,0.31,0.74,1.8,0.075,15.0,1.0008,2.86,0.79,8.4,6,1.0296194171811583,0.07232066157962612,2.772588722239781,0.5822156198526637
7.9,0.765,0.0,2.0,0.084,22.0,0.99619,3.33,0.68,10.9,6,1.0986122886681098,0.08065790301745447,3.1354942159291497,0.5187937934151676
15.9,0.36,0.65,7.5,0.096,71.0,0.9976,2.98,0.84,14.9,5,2.1400661634962708,0.0916671885258238,4.276666119016055,0.6097655716208943
5.2,0.49,0.26,2.3,0.09,74.0,0.9953,3.71,0.62,12.2,6,1.1939224684724346,0.08617769624105233,4.31748811353631,0.4824261492442927
8.3,0.65,0.1,2.9,0.089,40.0,0.99803,3.29,0.55,9.5,5,1.3609765531356006,0.08525984395082342,3.713572066704308,0.4382549309311553
7.1,0.69,0.08,2.1,0.063,52.0,0.99608,3.42,0.6,10.2,6,1.1314021114911006,0.061095099359810875,3.970291913552122,0.4700036292457355
9.0,0.785,0.24,1.7,0.078,21.0,0.99692,3.29,0.67,10.0,5,0.9932517730102833,0.07510747248680541,3.091042453358316,0.5128236264286637
7.5,0.49,0.19,1.9,0.076,44.0,0.9957,3.39,0.54,9.7,5,1.0647107369924282,0.07325046173959267,3.8066624897703196,0.43178241642553783
10.1,0.38,0.5,2.4,0.104,13.0,0.99643,3.22,0.65,11.6,7,1.2237754316221157,0.09893994785490356,2.6390573296152584,0.5007752879124893
7.1,0.67,0.0,2.3,0.083,27.0,0.99768,3.44,0.54,9.4,5,1.1939224684724346,0.07973496801885356,3.332204510175204,0.43178241642553783
9.3,0.38,0.48,3.8,0.132,11.0,0.99577,3.23,0.57,13.2,6,1.5686159179138452,0.1239859797809912,2.4849066497880004,0.4510756193602167
9.3,0.48,0.29,2.1,0.127,16.0,0.9968,3.22,0.72,11.2,5,1.1314021114911006,0.11955923505763925,2.833213344056216,0.5423242908253617
7.1,0.66,0.0,2.4,0.052,11.0,0.99318,3.35,0.66,12.7,7,1.2237754316221157,0.050693114315518116,2.4849066497880004,0.5068176023684519
5.4,0.74,0.0,1.2,0.0409999999999999,46.0,0.99258,4.01,0.59,12.5,6,0.7884573603642702,0.040181789632831734,3.8501476017100584,0.4637340162321401
6.8,0.47,0.08,2.2,0.064,38.0,0.99553,3.3,0.65,9.6,6,1.1631508098056809,0.06203539091945264,3.6635616461296463,0.5007752879124893
6.4,0.69,0.0,1.65,0.055,12.0,0.99162,3.47,0.53,12.9,6,0.9745596399981308,0.053540766928029816,2.5649493574615367,0.4252677354043441
7.3,0.52,0.32,2.1,0.07,70.0,0.99418,3.34,0.82,12.9,6,1.1314021114911006,0.06765864847381481,4.2626798770413155,0.598836501088704
10.1,0.935,0.22,3.4,0.105,86.0,1.001,3.43,0.64,11.3,4,1.4816045409242156,0.09984533496971613,4.465908118654584,0.49469624183610705
6.6,0.66,0.0,3.0,0.115,31.0,0.99629,3.45,0.63,10.3,5,1.3862943611198906,0.10885440491208209,3.4657359027997265,0.48858001481867097
10.6,1.025,0.43,2.8,0.08,84.0,0.9985,3.06,0.57,10.1,5,1.33500106673234,0.07696104113612832,4.442651256490317,0.4510756193602167
5.0,0.38,0.01,1.6,0.048,60.0,0.99084,3.7,0.75,14.0,6,0.9555114450274363,0.04688358589885042,4.110873864173311,0.5596157879354227
8.6,0.635,0.68,1.8,0.4029999999999999,56.0,0.99632,3.02,1.15,9.3,5,1.0296194171811583,0.3386128011203238,4.04305126783455,0.7654678421395714
7.0,0.6,0.3,4.5,0.068,110.0,0.99914,3.3,1.17,10.2,5,1.7047480922384253,0.0657877405380031,4.709530201312334,0.7747271675523681
7.8,0.815,0.01,2.6,0.074,90.0,0.99621,3.38,0.62,10.8,5,1.2809338454620642,0.07138999608667294,4.51085950651685,0.4824261492442927
7.8,0.53,0.33,2.4,0.08,144.0,0.99655,3.3,0.6,9.5,5,1.2237754316221157,0.07696104113612832,4.976733742420574,0.4700036292457355
8.6,0.47,0.27,2.3,0.055,28.0,0.99516,3.18,0.8,11.2,5,1.1939224684724346,0.053540766928029816,3.367295829986474,0.5877866649021191
8.4,0.745,0.11,1.9,0.09,63.0,0.9965,3.19,0.82,9.6,5,1.0647107369924282,0.08617769624105233,4.1588830833596715,0.598836501088704
6.2,0.57,0.1,2.1,0.048,11.0,0.99448,3.44,0.76,10.8,6,1.1314021114911006,0.04688358589885042,2.4849066497880004,0.5653138090500605
8.4,0.59,0.29,2.6,0.109,119.0,0.99801,3.15,0.5,9.1,5,1.2809338454620642,0.10345870836822998,4.787491742782046,0.4054651081081644
7.3,0.59,0.26,7.2,0.07,121.0,0.9981,3.37,0.49,9.4,5,2.1041341542702074,0.06765864847381481,4.804021044733257,0.3987761199573678
8.6,0.22,0.36,1.9,0.064,77.0,0.99604,3.47,0.87,11.0,7,1.0647107369924282,0.06203539091945264,4.356708826689592,0.6259384308664953
8.9,0.31,0.57,2.0,0.111,85.0,0.9971,3.26,0.53,9.7,5,1.0986122886681098,0.10526051065749295,4.454347296253507,0.4252677354043441
9.0,0.82,0.14,2.6,0.089,23.0,0.9984,3.39,0.63,9.8,5,1.2809338454620642,0.08525984395082342,3.1780538303479458,0.48858001481867097
10.1,0.31,0.35,1.6,0.075,28.0,0.99672,3.24,0.83,11.2,7,0.9555114450274363,0.07232066157962612,3.367295829986474,0.6043159668533296
9.0,0.43,0.34,2.5,0.08,86.0,0.9987,3.38,0.62,9.5,6,1.252762968495368,0.07696104113612832,4.465908118654584,0.4824261492442927
7.9,0.34,0.36,1.9,0.065,10.0,0.99419,3.27,0.54,11.2,7,1.0647107369924282,0.06297479916138844,2.3978952727983707,0.43178241642553783
7.1,0.68,0.0,2.3,0.087,26.0,0.99783,3.45,0.53,9.5,5,1.1939224684724346,0.08342160813907239,3.295836866004329,0.4252677354043441
7.1,0.34,0.28,2.0,0.0819999999999999,68.0,0.99694,3.45,0.48,9.4,5,1.0986122886681098,0.0788111804242897,4.23410650459726,0.3920420877760237
11.4,0.46,0.5,2.7,0.122,17.0,1.0006,3.13,0.7,10.2,5,1.308332819650179,0.11511280710050457,2.8903717578961645,0.5306282510621704
7.0,0.975,0.04,2.0,0.087,67.0,0.99565,3.35,0.6,9.4,4,1.0986122886681098,0.08342160813907239,4.219507705176107,0.4700036292457355
8.1,0.56,0.28,1.7,0.368,56.0,0.9968,3.11,1.28,9.3,5,0.9932517730102833,0.3133498192003587,4.04305126783455,0.8241754429663494
5.9,0.645,0.12,2.0,0.075,44.0,0.99547,3.57,0.71,10.2,5,1.0986122886681098,0.07232066157962612,3.8066624897703196,0.5364933705145685
6.3,0.39,0.08,1.7,0.066,20.0,0.9954,3.34,0.58,9.4,5,0.9932517730102833,0.0639133257436528,3.044522437723423,0.4574248470388754
5.9,0.44,0.0,1.6,0.042,11.0,0.9944,3.48,0.85,11.7,6,0.9555114450274363,0.04114194333117518,2.4849066497880004,0.6151856390902335
8.8,0.44,0.49,2.8,0.083,111.0,0.9982,3.3,0.6,9.5,5,1.33500106673234,0.07973496801885356,4.718498871295094,0.4700036292457355
7.6,0.715,0.0,2.1,0.068,35.0,0.99533,3.48,0.65,11.4,6,1.1314021114911006,0.0657877405380031,3.58351893845611,0.5007752879124893
6.1,0.4,0.16,1.8,0.069,25.0,0.9955,3.42,0.74,10.1,7,1.0296194171811583,0.06672363204290818,3.258096538021482,0.5538851132264376
8.2,0.38,0.32,2.5,0.08,71.0,0.99624,3.27,0.85,11.0,6,1.252762968495368,0.07696104113612832,4.276666119016055,0.6151856390902335
10.7,0.9,0.34,6.6,0.1119999999999999,99.0,1.00289,3.22,0.68,9.3,5,2.028148247292285,0.10616019582839055,4.605170185988092,0.5187937934151676
9.3,0.4,0.49,2.5,0.085,142.0,0.9978,3.22,0.55,9.4,5,1.252762968495368,0.08157998699242287,4.962844630259907,0.4382549309311553
10.6,0.36,0.6,2.2,0.152,18.0,0.9986,3.04,1.06,9.4,5,1.1631508098056809,0.1414995622736995,2.9444389791664403,0.7227059828014898
7.5,0.52,0.11,1.5,0.079,39.0,0.9968,3.42,0.58,9.6,5,0.9162907318741551,0.0760346862759976,3.6888794541139363,0.4574248470388754
6.9,0.48,0.2,1.9,0.0819999999999999,23.0,0.99585,3.39,0.43,9.05,4,1.0647107369924282,0.0788111804242897,3.1780538303479458,0.3576744442718159
10.6,0.36,0.57,2.3,0.087,20.0,0.99676,3.14,0.72,11.1,7,1.1939224684724346,0.08342160813907239,3.044522437723423,0.5423242908253617
5.9,0.395,0.13,2.4,0.0559999999999999,28.0,0.99362,3.62,0.67,12.4,6,1.2237754316221157,0.05448818528406963,3.367295829986474,0.5128236264286637
7.4,0.7,0.0,1.9,0.076,34.0,0.9978,3.51,0.56,9.4,5,1.0647107369924282,0.07325046173959267,3.5553480614894135,0.44468582126144574
8.1,0.78,0.1,3.3,0.09,13.0,0.99855,3.36,0.49,9.5,5,1.4586150226995167,0.08617769624105233,2.6390573296152584,0.3987761199573678
7.4,0.52,0.13,2.4,0.078,61.0,0.99528,3.43,0.59,10.8,6,1.2237754316221157,0.07510747248680541,4.127134385045092,0.4637340162321401
7.9,0.3,0.68,8.3,0.05,289.0,0.99316,3.01,0.51,12.3,7,2.2300144001592104,0.04879016416943201,5.66988092298052,0.412109650826833
8.3,0.61,0.3,2.1,0.084,50.0,0.9972,3.4,0.61,10.2,6,1.1314021114911006,0.08065790301745447,3.9318256327243257,0.4762341789963716
10.4,0.52,0.45,2.0,0.08,13.0,0.99774,3.22,0.76,11.4,6,1.0986122886681098,0.07696104113612832,2.6390573296152584,0.5653138090500605
7.3,0.55,0.01,1.8,0.093,15.0,0.99514,3.35,0.58,11.0,7,1.0296194171811583,0.08892620919440151,2.772588722239781,0.4574248470388754
7.8,0.57,0.31,1.8,0.069,120.0,0.99625,3.29,0.53,9.3,5,1.0296194171811583,0.06672363204290818,4.795790545596741,0.4252677354043441
7.7,0.23,0.37,1.8,0.046,60.0,0.9971,3.41,0.71,12.1,6,1.0296194171811583,0.044973365642731154,4.110873864173311,0.5364933705145685
7.7,0.27,0.68,3.5,0.358,10.0,0.9972,3.25,1.08,9.9,7,1.5040773967762742,0.30601302913650436,2.3978952727983707,0.7323678937132266
7.8,0.76,0.04,2.3,0.092,54.0,0.997,3.26,0.65,9.8,5,1.1939224684724346,0.0880108773227133,4.007333185232471,0.5007752879124893
6.3,0.39,0.16,1.4,0.08,23.0,0.9955,3.34,0.56,9.3,5,0.8754687373538999,0.07696104113612832,3.1780538303479458,0.44468582126144574
10.6,0.5,0.45,2.6,0.119,68.0,0.99708,3.23,0.72,10.9,6,1.2809338454620642,0.11243542932978817,4.23410650459726,0.5423242908253617
9.1,0.22,0.24,2.1,0.078,28.0,0.999,3.41,0.87,10.3,6,1.1314021114911006,0.07510747248680541,3.367295829986474,0.6259384308664953
7.8,0.87,0.26,3.8,0.107,67.0,0.99668,3.26,0.46,9.2,5,1.5686159179138452,0.10165365372649983,4.219507705176107,0.3784364357202451
9.3,0.39,0.4,2.6,0.073,26.0,0.9984,3.34,0.75,10.2,6,1.2809338454620642,0.07045846364856141,3.295836866004329,0.5596157879354227
9.0,0.53,0.49,1.9,0.171,25.0,0.9975,3.27,0.61,9.4,6,1.0647107369924282,0.1578580846155803,3.258096538021482,0.4762341789963716
7.6,0.78,0.0,1.7,0.076,45.0,0.99612,3.31,0.62,10.7,6,0.9932517730102833,0.07325046173959267,3.828641396489095,0.4824261492442927
7.9,0.37,0.23,1.8,0.077,49.0,0.9963,3.28,0.67,9.3,5,1.0296194171811583,0.07417939817425151,3.912023005428146,0.5128236264286637
8.2,0.5,0.35,2.9,0.077,127.0,0.9976,3.23,0.62,9.4,5,1.3609765531356006,0.07417939817425151,4.852030263919617,0.4824261492442927
8.9,0.595,0.41,7.9,0.086,109.0,0.9998,3.27,0.57,9.3,5,2.186051276738094,0.08250122151174369,4.700480365792417,0.4510756193602167
8.2,0.33,0.32,2.8,0.067,12.0,0.99473,3.3,0.76,12.8,7,1.33500106673234,0.06485097231961631,2.5649493574615367,0.5653138090500605
8.2,0.39,0.38,1.5,0.0579999999999999,29.0,0.9962,3.26,0.74,9.8,5,0.9162907318741551,0.056380333436107544,3.4011973816621555,0.5538851132264376
5.2,0.48,0.04,1.6,0.054,106.0,0.9927,3.54,0.62,12.2,7,0.9555114450274363,0.05259245011917058,4.672828834461906,0.4824261492442927
12.7,0.59,0.45,2.3,0.0819999999999999,22.0,1.0,3.0,0.7,9.3,6,1.1939224684724346,0.0788111804242897,3.1354942159291497,0.5306282510621704
10.3,0.43,0.44,2.4,0.214,12.0,0.9994,3.19,0.63,9.5,6,1.2237754316221157,0.19392069263730652,2.5649493574615367,0.48858001481867097
6.3,0.3,0.48,1.8,0.069,61.0,0.9959,3.44,0.78,10.3,6,1.0296194171811583,0.06672363204290818,4.127134385045092,0.5766133643039938
7.2,0.62,0.06,2.7,0.077,85.0,0.99746,3.51,0.54,9.5,5,1.308332819650179,0.07417939817425151,4.454347296253507,0.43178241642553783
8.1,0.725,0.22,2.2,0.072,41.0,0.9967,3.36,0.55,9.1,5,1.1631508098056809,0.06952606264861023,3.7376696182833684,0.4382549309311553
7.6,0.41,0.24,1.8,0.08,11.0,0.9962,3.28,0.59,9.5,5,1.0296194171811583,0.07696104113612832,2.4849066497880004,0.4637340162321401
10.0,0.73,0.43,2.3,0.059,31.0,0.9966,3.15,0.57,11.0,5,1.1939224684724346,0.0573250666192694,3.4657359027997265,0.4510756193602167
9.0,0.66,0.17,3.0,0.077,13.0,0.9976,3.29,0.55,10.4,5,1.3862943611198906,0.07417939817425151,2.6390573296152584,0.4382549309311553
8.2,0.31,0.4,2.2,0.0579999999999999,10.0,0.99536,3.31,0.68,11.2,7,1.1631508098056809,0.056380333436107544,2.3978952727983707,0.5187937934151676
6.5,0.885,0.0,2.3,0.166,12.0,0.99551,3.56,0.51,10.8,5,1.1939224684724346,0.15357908792830063,2.5649493574615367,0.412109650826833
7.1,0.59,0.01,2.3,0.08,43.0,0.9955,3.42,0.58,10.7,6,1.1939224684724346,0.07696104113612832,3.784189633918261,0.4574248470388754
9.9,0.27,0.49,5.0,0.0819999999999999,17.0,0.99484,3.19,0.52,12.5,7,1.791759469228055,0.0788111804242897,2.8903717578961645,0.41871033485818504
12.2,0.34,0.5,2.4,0.066,21.0,1.0,3.12,1.18,9.2,6,1.2237754316221157,0.0639133257436528,3.091042453358316,0.7793248768009976
7.4,0.785,0.19,5.2,0.094,98.0,0.99713,3.16,0.52,9.56666666666667,6,1.824549292051046,0.08984070399978947,4.59511985013459,0.41871033485818504
7.8,0.5,0.3,1.9,0.075,22.0,0.9959,3.31,0.56,10.4,6,1.0647107369924282,0.07232066157962612,3.1354942159291497,0.44468582126144574
6.8,0.62,0.08,1.9,0.068,38.0,0.99651,3.42,0.82,9.5,6,1.0647107369924282,0.0657877405380031,3.6635616461296463,0.598836501088704
10.3,0.27,0.56,1.4,0.047,8.0,0.99471,3.16,0.51,11.8,6,0.8754687373538999,0.045928931888399804,2.1972245773362196,0.412109650826833
8.9,0.4,0.51,2.6,0.052,27.0,0.995,3.32,0.9,13.4,7,1.2809338454620642,0.050693114315518116,3.332204510175204,0.6418538861723948
7.7,0.28,0.3,2.0,0.062,34.0,0.9952,3.28,0.9,11.3,7,1.0986122886681098,0.06015392281974709,3.5553480614894135,0.6418538861723948
6.1,0.715,0.1,2.6,0.053,27.0,0.99362,3.57,0.5,11.9,5,1.2809338454620642,0.05164323315183845,3.332204510175204,0.4054651081081644
8.5,0.21,0.52,1.9,0.09,23.0,0.99648,3.36,0.67,10.4,5,1.0647107369924282,0.08617769624105233,3.1780538303479458,0.5128236264286637
15.6,0.685,0.76,3.7,0.1,43.0,1.0032,2.95,0.68,11.2,7,1.547562508716013,0.09531017980432487,3.784189633918261,0.5187937934151676
9.0,0.38,0.41,2.4,0.103,10.0,0.99604,3.13,0.58,11.9,7,1.2237754316221157,0.09803374027136541,2.3978952727983707,0.4574248470388754
8.8,0.6,0.29,2.2,0.098,15.0,0.9988,3.36,0.49,9.1,5,1.1631508098056809,0.09349034308733889,2.772588722239781,0.3987761199573678
6.7,0.54,0.13,2.0,0.076,36.0,0.9973,3.61,0.64,9.8,5,1.0986122886681098,0.07325046173959267,3.6109179126442243,0.49469624183610705
5.2,0.32,0.25,1.8,0.103,50.0,0.9957,3.38,0.55,9.2,5,1.0296194171811583,0.09803374027136541,3.9318256327243257,0.4382549309311553
8.2,0.635,0.1,2.1,0.073,60.0,0.99638,3.29,0.75,10.9,6,1.1314021114911006,0.07045846364856141,4.110873864173311,0.5596157879354227
11.2,0.66,0.24,2.5,0.085,53.0,0.9993,3.06,0.72,11.0,6,1.252762968495368,0.08157998699242287,3.9889840465642745,0.5423242908253617
10.0,0.56,0.24,2.2,0.079,58.0,0.9991,3.18,0.56,10.1,6,1.1631508098056809,0.0760346862759976,4.07753744390572,0.44468582126144574
7.4,0.55,0.19,1.8,0.0819999999999999,34.0,0.99655,3.49,0.68,10.5,5,1.0296194171811583,0.0788111804242897,3.5553480614894135,0.5187937934151676
6.6,0.61,0.0,1.6,0.069,8.0,0.99396,3.33,0.37,10.4,4,0.9555114450274363,0.06672363204290818,2.1972245773362196,0.31481073984003355
7.0,0.5,0.14,1.8,0.078,23.0,0.99636,3.53,0.61,10.4,5,1.0296194171811583,0.07510747248680541,3.1780538303479458,0.4762341789963716
10.2,0.645,0.36,1.8,0.053,14.0,0.9982,3.17,0.42,10.0,6,1.0296194171811583,0.05164323315183845,2.70805020110221,0.35065687161316933
7.1,0.48,0.28,2.8,0.068,16.0,0.99682,3.24,0.53,10.3,5,1.33500106673234,0.0657877405380031,2.833213344056216,0.4252677354043441
12.5,0.46,0.63,2.0,0.071,15.0,0.9988,2.99,0.87,10.2,5,1.0986122886681098,0.06859279146561172,2.772588722239781,0.6259384308664953
7.1,0.47,0.0,2.2,0.067,14.0,0.99517,3.4,0.58,10.9,4,1.1631508098056809,0.06485097231961631,2.70805020110221,0.4574248470388754
7.3,0.66,0.0,2.0,0.084,23.0,0.9983,3.61,0.96,9.9,6,1.0986122886681098,0.08065790301745447,3.1780538303479458,0.6729444732424258
7.6,0.35,0.6,2.6,0.073,44.0,0.99656,3.38,0.79,11.1,6,1.2809338454620642,0.07045846364856141,3.8066624897703196,0.5822156198526637
10.0,0.44,0.49,2.7,0.077,19.0,0.9963,3.23,0.63,11.6,7,1.308332819650179,0.07417939817425151,2.995732273553991,0.48858001481867097
8.3,0.53,0.0,1.4,0.07,14.0,0.99593,3.25,0.64,10.0,6,0.8754687373538999,0.06765864847381481,2.70805020110221,0.49469624183610705
8.5,0.655,0.49,6.1,0.122,151.0,1.001,3.31,1.14,9.3,5,1.9600947840472698,0.11511280710050457,5.0238805208462765,0.76080582903376
8.7,0.33,0.38,3.3,0.063,19.0,0.99468,3.3,0.73,12.0,7,1.4586150226995167,0.061095099359810875,2.995732273553991,0.5481214085096876
8.6,0.49,0.28,1.9,0.11,136.0,0.9972,2.93,1.95,9.9,6,1.0647107369924282,0.10436001532424277,4.919980925828125,1.0818051703517284
7.4,0.37,0.43,2.6,0.0819999999999999,82.0,0.99708,3.33,0.68,9.7,6,1.2809338454620642,0.0788111804242897,4.418840607796598,0.5187937934151676
7.1,0.43,0.17,1.8,0.0819999999999999,51.0,0.99634,3.49,0.64,10.4,5,1.0296194171811583,0.0788111804242897,3.9512437185814275,0.49469624183610705
9.0,0.6,0.29,2.0,0.069,73.0,0.99654,3.34,0.57,10.0,5,1.0986122886681098,0.06672363204290818,4.30406509320417,0.4510756193602167
10.4,0.38,0.46,2.1,0.104,10.0,0.99664,3.12,0.65,11.8,7,1.1314021114911006,0.09893994785490356,2.3978952727983707,0.5007752879124893
7.1,0.68,0.07,1.9,0.075,51.0,0.99685,3.38,0.52,9.5,5,1.0647107369924282,0.07232066157962612,3.9512437185814275,0.41871033485818504
7.1,0.56,0.14,1.6,0.078,18.0,0.99592,3.27,0.62,9.3,5,0.9555114450274363,0.07510747248680541,2.9444389791664403,0.4824261492442927
7.0,0.69,0.0,1.9,0.114,10.0,0.99636,3.35,0.6,9.7,6,1.0647107369924282,0.10795714150509228,2.3978952727983707,0.4700036292457355
11.6,0.41,0.58,2.8,0.096,101.0,1.00024,3.13,0.53,10.0,5,1.33500106673234,0.0916671885258238,4.624972813284271,0.4252677354043441
6.7,0.28,0.28,2.4,0.012,100.0,0.99064,3.26,0.39,11.7,7,1.2237754316221157,0.011928570865273802,4.61512051684126,0.3293037471426004
9.6,0.38,0.42,1.9,0.071,13.0,0.99659,3.15,0.75,10.5,6,1.0647107369924282,0.06859279146561172,2.6390573296152584,0.5596157879354227
9.6,0.77,0.12,2.9,0.0819999999999999,74.0,0.99865,3.3,0.64,10.4,6,1.3609765531356006,0.0788111804242897,4.31748811353631,0.49469624183610705
7.3,0.35,0.24,2.0,0.067,48.0,0.99576,3.43,0.54,10.0,4,1.0986122886681098,0.06485097231961631,3.8918202981106265,0.43178241642553783
7.1,0.43,0.42,5.5,0.071,128.0,0.9973,3.42,0.71,10.5,5,1.8718021769015913,0.06859279146561172,4.859812404361672,0.5364933705145685
11.1,0.35,0.48,3.1,0.09,21.0,0.9986,3.17,0.53,10.5,5,1.410986973710262,0.08617769624105233,3.091042453358316,0.4252677354043441
7.6,0.42,0.08,2.7,0.084,48.0,0.9968,3.21,0.59,10.0,5,1.308332819650179,0.08065790301745447,3.8918202981106265,0.4637340162321401
12.0,0.45,0.55,2.0,0.073,49.0,0.9997,3.1,0.76,10.3,6,1.0986122886681098,0.07045846364856141,3.912023005428146,0.5653138090500605
7.9,0.5,0.33,2.0,0.084,143.0,0.9968,3.2,0.55,9.5,5,1.0986122886681098,0.08065790301745447,4.969813299576001,0.4382549309311553
5.6,0.915,0.0,2.1,0.0409999999999999,78.0,0.99346,3.68,0.73,11.4,5,1.1314021114911006,0.040181789632831734,4.3694478524670215,0.5481214085096876
9.1,0.66,0.15,3.2,0.0969999999999999,59.0,0.99976,3.28,0.54,9.6,5,1.4350845252893227,0.0925791812930931,4.0943445622221,0.43178241642553783
6.4,0.42,0.09,2.3,0.054,64.0,0.99724,3.41,0.68,10.4,6,1.1939224684724346,0.05259245011917058,4.174387269895637,0.5187937934151676
6.7,0.48,0.02,2.2,0.08,111.0,0.99524,3.1,0.53,9.7,5,1.1631508098056809,0.07696104113612832,4.718498871295094,0.4252677354043441
6.7,0.75,0.12,2.0,0.086,80.0,0.9958,3.38,0.52,10.1,5,1.0986122886681098,0.08250122151174369,4.394449154672439,0.41871033485818504
7.2,0.34,0.21,2.5,0.075,68.0,0.99586,3.37,0.54,10.1,6,1.252762968495368,0.07232066157962612,4.23410650459726,0.43178241642553783
10.9,0.21,0.49,2.8,0.088,32.0,0.9972,3.22,0.68,11.7,6,1.33500106673234,0.08434114843375087,3.4965075614664802,0.5187937934151676
6.8,0.63,0.12,3.8,0.099,126.0,0.9969,3.28,0.61,9.5,5,1.5686159179138452,0.09440067542148431,4.844187086458591,0.4762341789963716
6.2,0.7,0.15,5.1,0.076,27.0,0.99622,3.54,0.6,11.9,6,1.8082887711792655,0.07325046173959267,3.332204510175204,0.4700036292457355
7.8,0.55,0.35,2.2,0.074,66.0,0.9974,3.25,0.56,9.2,5,1.1631508098056809,0.07138999608667294,4.204692619390966,0.44468582126144574
6.1,0.38,0.15,1.8,0.072,19.0,0.9955,3.42,0.57,9.4,5,1.0296194171811583,0.06952606264861023,2.995732273553991,0.4510756193602167
12.8,0.615,0.66,5.8,0.083,42.0,1.0022,3.07,0.73,10.0,7,1.916922612182061,0.07973496801885356,3.7612001156935624,0.5481214085096876
8.2,0.2,0.43,2.5,0.076,51.0,0.99672,3.53,0.81,10.4,6,1.252762968495368,0.07325046173959267,3.9512437185814275,0.5933268452777344
6.1,0.53,0.08,1.9,0.077,45.0,0.99528,3.6,0.68,10.3,6,1.0647107369924282,0.07417939817425151,3.828641396489095,0.5187937934151676
11.1,0.18,0.48,1.5,0.068,15.0,0.9973,3.22,0.64,10.1,6,0.9162907318741551,0.0657877405380031,2.772588722239781,0.49469624183610705
7.7,0.835,0.0,2.6,0.081,14.0,0.9975,3.3,0.52,9.3,5,1.2809338454620642,0.07788653865707122,2.70805020110221,0.41871033485818504
10.3,0.44,0.5,4.5,0.107,13.0,0.998,3.28,0.83,11.5,5,1.7047480922384253,0.10165365372649983,2.6390573296152584,0.6043159668533296
8.3,0.33,0.42,2.3,0.07,20.0,0.99426,3.38,0.77,12.7,7,1.1939224684724346,0.06765864847381481,3.044522437723423,0.5709795465857378
9.2,0.41,0.5,2.5,0.055,25.0,0.9952,3.34,0.79,13.3,7,1.252762968495368,0.053540766928029816,3.258096538021482,0.5822156198526637
7.8,0.63,0.48,1.7,0.1,96.0,0.9961,3.19,0.62,9.5,5,0.9932517730102833,0.09531017980432487,4.574710978503383,0.4824261492442927
6.7,0.855,0.02,1.9,0.064,38.0,0.99472,3.3,0.56,10.75,6,1.0647107369924282,0.06203539091945264,3.6635616461296463,0.44468582126144574
7.3,0.74,0.08,1.7,0.094,45.0,0.99576,3.24,0.5,9.8,5,0.9932517730102833,0.08984070399978947,3.828641396489095,0.4054651081081644
8.1,0.67,0.55,1.8,0.1169999999999999,141.0,0.9968,3.17,0.62,9.4,5,1.0296194171811583,0.11064652008706356,4.955827057601261,0.4824261492442927
9.0,0.48,0.32,2.8,0.084,122.0,0.9984,3.32,0.62,9.4,5,1.33500106673234,0.08065790301745447,4.812184355372417,0.4824261492442927
8.7,0.69,0.0,3.2,0.084,33.0,0.9992,3.36,0.45,9.4,5,1.4350845252893227,0.08065790301745447,3.5263605246161616,0.37156355643248307
6.0,0.58,0.2,2.4,0.075,50.0,0.99467,3.58,0.67,12.5,6,1.2237754316221157,0.07232066157962612,3.9318256327243257,0.5128236264286637
8.3,0.54,0.28,1.9,0.077,40.0,0.9978,3.39,0.61,10.0,6,1.0647107369924282,0.07417939817425151,3.713572066704308,0.4762341789963716
10.5,0.28,0.51,1.7,0.08,24.0,0.9982,3.2,0.89,9.4,6,0.9932517730102833,0.07696104113612832,3.2188758248682006,0.636576829071551
14.0,0.41,0.63,3.8,0.089,47.0,1.0014,3.01,0.81,10.8,6,1.5686159179138452,0.08525984395082342,3.871201010907891,0.5933268452777344
8.6,0.47,0.3,3.0,0.076,135.0,0.9976,3.3,0.53,9.4,5,1.3862943611198906,0.07325046173959267,4.912654885736052,0.4252677354043441
6.8,0.68,0.09,3.9,0.068,29.0,0.99524,3.41,0.52,11.1,4,1.589235205116581,0.0657877405380031,3.4011973816621555,0.41871033485818504
6.2,0.51,0.14,1.9,0.0559999999999999,34.0,0.99396,3.48,0.57,11.5,6,1.0647107369924282,0.05448818528406963,3.5553480614894135,0.4510756193602167
12.2,0.45,0.49,1.4,0.075,6.0,0.9969,3.13,0.63,10.4,5,0.8754687373538999,0.07232066157962612,1.9459101490553132,0.48858001481867097
7.8,0.5,0.09,2.2,0.115,42.0,0.9971,3.18,0.62,9.5,5,1.1631508098056809,0.10885440491208209,3.7612001156935624,0.4824261492442927
8.5,0.47,0.27,1.9,0.0579999999999999,38.0,0.99518,3.16,0.85,11.1,6,1.0647107369924282,0.056380333436107544,3.6635616461296463,0.6151856390902335
13.4,0.27,0.62,2.6,0.0819999999999999,21.0,1.0002,3.16,0.67,9.7,6,1.2809338454620642,0.0788111804242897,3.091042453358316,0.5128236264286637
6.6,0.7,0.08,2.6,0.106,27.0,0.99665,3.44,0.58,10.2,5,1.2809338454620642,0.10074990310014305,3.332204510175204,0.4574248470388754
6.7,0.86,0.07,2.0,0.1,57.0,0.99598,3.6,0.74,11.7,6,1.0986122886681098,0.09531017980432487,4.060443010546419,0.5538851132264376
6.6,0.52,0.04,2.2,0.069,15.0,0.9956,3.4,0.63,9.4,6,1.1631508098056809,0.06672363204290818,2.772588722239781,0.48858001481867097
7.9,0.3,0.68,8.3,0.05,278.0,0.99316,3.01,0.51,12.3,7,2.2300144001592104,0.04879016416943201,5.631211781821365,0.412109650826833
7.7,0.75,0.27,3.8,0.11,89.0,0.99664,3.24,0.45,9.3,5,1.5686159179138452,0.10436001532424277,4.499809670330265,0.37156355643248307
6.9,0.49,0.19,1.7,0.079,26.0,0.99547,3.38,0.64,9.8,6,0.9932517730102833,0.0760346862759976,3.295836866004329,0.49469624183610705
9.8,0.25,0.49,2.7,0.088,33.0,0.9982,3.42,0.9,10.0,6,1.308332819650179,0.08434114843375087,3.5263605246161616,0.6418538861723948
9.9,0.5,0.5,13.8,0.205,82.0,1.00242,3.16,0.75,8.8,5,2.6946271807700692,0.1864795669426183,4.418840607796598,0.5596157879354227
7.7,0.775,0.42,1.9,0.092,86.0,0.9959,3.23,0.59,9.5,5,1.0647107369924282,0.0880108773227133,4.465908118654584,0.4637340162321401
8.1,0.72,0.09,2.8,0.084,49.0,0.9994,3.43,0.72,11.1,6,1.33500106673234,0.08065790301745447,3.912023005428146,0.5423242908253617
9.0,0.82,0.05,2.4,0.081,96.0,0.99814,3.36,0.53,10.0,5,1.2237754316221157,0.07788653865707122,4.574710978503383,0.4252677354043441
7.7,0.62,0.04,3.8,0.084,45.0,0.9978,3.34,0.53,9.5,5,1.5686159179138452,0.08065790301745447,3.828641396489095,0.4252677354043441
8.0,0.77,0.32,2.1,0.079,74.0,0.99656,3.27,0.5,9.8,6,1.1314021114911006,0.0760346862759976,4.31748811353631,0.4054651081081644
7.7,0.69,0.05,2.7,0.075,27.0,0.9974,3.26,0.61,9.1,5,1.308332819650179,0.07232066157962612,3.332204510175204,0.4762341789963716
6.7,0.64,0.23,2.1,0.08,119.0,0.99538,3.36,0.7,10.9,5,1.1314021114911006,0.07696104113612832,4.787491742782046,0.5306282510621704
5.5,0.49,0.03,1.8,0.044,87.0,0.9908,3.5,0.82,14.0,8,1.0296194171811583,0.04305948946044697,4.477336814478207,0.598836501088704
8.0,0.725,0.24,2.8,0.083,62.0,0.99685,3.35,0.56,10.0,6,1.33500106673234,0.07973496801885356,4.143134726391533,0.44468582126144574
11.9,0.38,0.49,2.7,0.098,42.0,1.0004,3.16,0.61,10.3,5,1.308332819650179,0.09349034308733889,3.7612001156935624,0.4762341789963716
6.2,0.64,0.09,2.5,0.081,26.0,0.99538,3.57,0.63,12.0,5,1.252762968495368,0.07788653865707122,3.295836866004329,0.48858001481867097
9.1,0.68,0.11,2.8,0.093,44.0,0.99888,3.31,0.55,9.5,6,1.33500106673234,0.08892620919440151,3.8066624897703196,0.4382549309311553
8.5,0.37,0.32,1.8,0.066,51.0,0.99456,3.38,0.72,11.8,6,1.0296194171811583,0.0639133257436528,3.9512437185814275,0.5423242908253617
6.8,0.63,0.07,2.1,0.089,44.0,0.9953,3.47,0.55,10.4,6,1.1314021114911006,0.08525984395082342,3.8066624897703196,0.4382549309311553
5.6,0.605,0.05,2.4,0.073,25.0,0.99258,3.56,0.55,12.9,5,1.2237754316221157,0.07045846364856141,3.258096538021482,0.4382549309311553
9.5,0.56,0.33,2.4,0.089,67.0,0.9972,3.28,0.73,11.8,7,1.2237754316221157,0.08525984395082342,4.219507705176107,0.5481214085096876
8.7,0.84,0.0,1.4,0.065,33.0,0.9954,3.27,0.55,9.7,5,0.8754687373538999,0.06297479916138844,3.5263605246161616,0.4382549309311553
9.9,0.44,0.46,2.2,0.091,41.0,0.99638,3.18,0.69,11.9,6,1.1631508098056809,0.08709470685093376,3.7376696182833684,0.5247285289349821
10.0,0.31,0.47,2.6,0.085,33.0,0.99965,3.36,0.8,10.5,7,1.2809338454620642,0.08157998699242287,3.5263605246161616,0.5877866649021191
8.0,0.42,0.32,2.5,0.08,122.0,0.99801,3.22,1.07,9.7,5,1.252762968495368,0.07696104113612832,4.812184355372417,0.7275486072772778
7.0,0.5,0.25,2.0,0.07,22.0,0.9963,3.25,0.63,9.2,5,1.0986122886681098,0.06765864847381481,3.1354942159291497,0.48858001481867097
7.9,0.2,0.35,1.7,0.054,15.0,0.99458,3.32,0.8,11.9,7,0.9932517730102833,0.05259245011917058,2.772588722239781,0.5877866649021191
7.5,0.41,0.15,3.7,0.104,94.0,0.99786,3.14,0.58,9.1,5,1.547562508716013,0.09893994785490356,4.553876891600541,0.4574248470388754
6.8,0.65,0.02,2.1,0.078,15.0,0.99498,3.35,0.62,10.4,6,1.1314021114911006,0.07510747248680541,2.772588722239781,0.4824261492442927
6.5,0.88,0.03,5.6,0.079,47.0,0.99572,3.58,0.5,11.2,4,1.8870696490323797,0.0760346862759976,3.871201010907891,0.4054651081081644
6.4,0.63,0.21,1.6,0.08,32.0,0.99689,3.58,0.66,9.8,5,0.9555114450274363,0.07696104113612832,3.4965075614664802,0.5068176023684519
7.2,0.49,0.24,2.2,0.07,36.0,0.996,3.33,0.48,9.4,5,1.1631508098056809,0.06765864847381481,3.6109179126442243,0.3920420877760237
7.9,1.04,0.05,2.2,0.084,29.0,0.9959,3.22,0.55,9.9,6,1.1631508098056809,0.08065790301745447,3.4011973816621555,0.4382549309311553
9.8,0.34,0.39,1.4,0.066,7.0,0.9947,3.19,0.55,11.4,7,0.8754687373538999,0.0639133257436528,2.0794415416798357,0.4382549309311553
8.0,0.42,0.17,2.0,0.073,18.0,0.9972,3.29,0.61,9.2,6,1.0986122886681098,0.07045846364856141,2.9444389791664403,0.4762341789963716
7.5,0.63,0.27,2.0,0.083,91.0,0.99616,3.26,0.58,9.8,6,1.0986122886681098,0.07973496801885356,4.5217885770490405,0.4574248470388754
7.4,0.36,0.29,2.6,0.087,72.0,0.99645,3.39,0.68,11.0,5,1.2809338454620642,0.08342160813907239,4.290459441148391,0.5187937934151676
9.1,0.4,0.5,1.8,0.071,16.0,0.99462,3.21,0.69,12.5,8,1.0296194171811583,0.06859279146561172,2.833213344056216,0.5247285289349821
10.0,0.59,0.31,2.2,0.09,62.0,0.9994,3.18,0.63,10.2,6,1.1631508098056809,0.08617769624105233,4.143134726391533,0.48858001481867097
8.6,0.8,0.11,2.3,0.084,31.0,0.9979,3.4,0.48,9.9,5,1.1939224684724346,0.08065790301745447,3.4657359027997265,0.3920420877760237
7.1,0.53,0.07,1.7,0.071,24.0,0.9951,3.29,0.66,10.8,6,0.9932517730102833,0.06859279146561172,3.2188758248682006,0.5068176023684519
13.3,0.29,0.75,2.8,0.084,43.0,0.9986,3.04,0.68,11.4,7,1.33500106673234,0.08065790301745447,3.784189633918261,0.5187937934151676
10.7,0.43,0.39,2.2,0.106,32.0,0.9986,2.89,0.5,9.6,5,1.1631508098056809,0.10074990310014305,3.4965075614664802,0.4054651081081644
11.9,0.57,0.5,2.6,0.0819999999999999,32.0,1.0006,3.12,0.78,10.7,6,1.2809338454620642,0.0788111804242897,3.4965075614664802,0.5766133643039938
8.3,0.66,0.15,1.9,0.079,42.0,0.9972,3.31,0.54,9.6,6,1.0647107369924282,0.0760346862759976,3.7612001156935624,0.43178241642553783
8.6,0.49,0.29,2.0,0.11,133.0,0.9972,2.93,1.98,9.8,5,1.0986122886681098,0.10436001532424277,4.897839799950911,1.091923300517313
7.3,0.33,0.47,2.1,0.077,11.0,0.9958,3.33,0.53,10.3,6,1.1314021114911006,0.07417939817425151,2.4849066497880004,0.4252677354043441
7.9,0.69,0.21,2.1,0.08,141.0,0.9962,3.25,0.51,9.9,5,1.1314021114911006,0.07696104113612832,4.955827057601261,0.412109650826833
10.9,0.32,0.52,1.8,0.132,44.0,0.99734,3.28,0.77,11.5,6,1.0296194171811583,0.1239859797809912,3.8066624897703196,0.5709795465857378
6.8,0.61,0.04,1.5,0.057,10.0,0.99525,3.42,0.6,9.5,5,0.9162907318741551,0.055434706888100586,2.3978952727983707,0.4700036292457355
7.7,0.915,0.12,2.2,0.143,23.0,0.9964,3.35,0.65,10.2,7,1.1631508098056809,0.13365638481267358,3.1780538303479458,0.5007752879124893
7.4,0.53,0.26,2.0,0.1009999999999999,72.0,0.9957,3.15,0.57,9.4,5,1.0986122886681098,0.09621885774054281,4.290459441148391,0.4510756193602167
7.4,0.47,0.46,2.2,0.114,20.0,0.99647,3.32,0.63,10.5,5,1.1631508098056809,0.10795714150509228,3.044522437723423,0.48858001481867097
10.4,0.55,0.23,2.7,0.091,48.0,0.9994,3.22,0.64,10.3,6,1.308332819650179,0.08709470685093376,3.8918202981106265,0.49469624183610705
11.9,0.37,0.69,2.3,0.078,24.0,0.9958,3.0,0.65,12.8,6,1.1939224684724346,0.07510747248680541,3.2188758248682006,0.5007752879124893
11.5,0.45,0.5,3.0,0.078,47.0,1.0003,3.26,1.11,11.0,6,1.3862943611198906,0.07510747248680541,3.871201010907891,0.7466879474879752
8.9,0.59,0.39,2.3,0.095,22.0,0.9986,3.37,0.58,10.3,5,1.1939224684724346,0.09075436326846414,3.1354942159291497,0.4574248470388754
10.6,0.34,0.49,3.2,0.078,78.0,0.9992,3.19,0.7,10.0,6,1.4350845252893227,0.07510747248680541,4.3694478524670215,0.5306282510621704
7.5,0.53,0.06,2.6,0.086,44.0,0.9965,3.38,0.59,10.7,6,1.2809338454620642,0.08250122151174369,3.8066624897703196,0.4637340162321401
9.9,0.35,0.38,1.5,0.0579999999999999,47.0,0.99676,3.26,0.82,10.6,7,0.9162907318741551,0.056380333436107544,3.871201010907891,0.598836501088704
8.3,0.49,0.36,1.8,0.222,16.0,0.998,3.18,0.6,9.5,6,1.0296194171811583,0.20048886074940359,2.833213344056216,0.4700036292457355
7.6,0.55,0.21,2.2,0.071,28.0,0.9964,3.28,0.55,9.7,5,1.1631508098056809,0.06859279146561172,3.367295829986474,0.4382549309311553
9.5,0.59,0.44,2.3,0.071,68.0,0.9992,3.46,0.63,9.5,5,1.1939224684724346,0.06859279146561172,4.23410650459726,0.48858001481867097
9.2,0.43,0.49,2.4,0.086,116.0,0.9976,3.23,0.64,9.5,5,1.2237754316221157,0.08250122151174369,4.762173934797756,0.49469624183610705
6.6,0.8,0.03,7.8,0.079,12.0,0.9963,3.52,0.5,12.2,5,2.174751721484161,0.0760346862759976,2.5649493574615367,0.4054651081081644
7.6,0.9,0.06,2.5,0.079,10.0,0.9967,3.39,0.56,9.8,5,1.252762968495368,0.0760346862759976,2.3978952727983707,0.44468582126144574
5.0,1.02,0.04,1.4,0.045,85.0,0.9938,3.75,0.48,10.5,4,0.8754687373538999,0.04401688541677432,4.454347296253507,0.3920420877760237
8.9,0.75,0.14,2.5,0.086,30.0,0.99824,3.34,0.64,10.5,5,1.252762968495368,0.08250122151174369,3.4339872044851463,0.49469624183610705
13.7,0.415,0.68,2.9,0.085,43.0,1.0014,3.06,0.8,10.0,6,1.3609765531356006,0.08157998699242287,3.784189633918261,0.5877866649021191
11.9,0.39,0.69,2.8,0.095,35.0,0.9994,3.1,0.61,10.8,6,1.33500106673234,0.09075436326846414,3.58351893845611,0.4762341789963716
7.1,0.31,0.3,2.2,0.053,127.0,0.9965,2.94,1.62,9.5,5,1.1631508098056809,0.05164323315183845,4.852030263919617,0.9631743177730056
11.1,0.42,0.47,2.65,0.085,34.0,0.99736,3.24,0.77,12.1,7,1.2947271675944,0.08157998699242287,3.5553480614894135,0.5709795465857378
7.7,0.69,0.22,1.9,0.084,94.0,0.9961,3.31,0.48,9.5,5,1.0647107369924282,0.08065790301745447,4.553876891600541,0.3920420877760237
5.9,0.19,0.21,1.7,0.045,135.0,0.99341,3.32,0.44,9.5,5,0.9932517730102833,0.04401688541677432,4.912654885736052,0.36464311358790924
8.3,0.78,0.1,2.6,0.081,87.0,0.9983,3.48,0.53,10.0,5,1.2809338454620642,0.07788653865707122,4.477336814478207,0.4252677354043441
7.3,0.51,0.18,2.1,0.07,28.0,0.99768,3.52,0.73,9.5,6,1.1314021114911006,0.06765864847381481,3.367295829986474,0.5481214085096876
7.3,0.98,0.05,2.1,0.061,49.0,0.99705,3.31,0.55,9.7,3,1.1314021114911006,0.05921185963184608,3.912023005428146,0.4382549309311553
6.2,0.46,0.29,2.1,0.074,98.0,0.99578,3.33,0.62,9.8,5,1.1314021114911006,0.07138999608667294,4.59511985013459,0.4824261492442927
8.3,0.3,0.49,3.8,0.09,24.0,0.99498,3.27,0.64,12.1,7,1.5686159179138452,0.08617769624105233,3.2188758248682006,0.49469624183610705
7.8,0.53,0.04,1.7,0.076,31.0,0.9964,3.33,0.56,10.0,6,0.9932517730102833,0.07325046173959267,3.4657359027997265,0.44468582126144574
7.6,0.41,0.33,2.5,0.078,23.0,0.9957,3.3,0.58,11.2,5,1.252762968495368,0.07510747248680541,3.1780538303479458,0.4574248470388754
7.1,0.685,0.35,2.0,0.088,92.0,0.9963,3.28,0.62,9.4,5,1.0986122886681098,0.08434114843375087,4.532599493153256,0.4824261492442927
10.8,0.45,0.33,2.5,0.099,38.0,0.99818,3.24,0.71,10.8,5,1.252762968495368,0.09440067542148431,3.6635616461296463,0.5364933705145685
8.3,1.02,0.02,3.4,0.084,11.0,0.99892,3.48,0.49,11.0,3,1.4816045409242156,0.08065790301745447,2.4849066497880004,0.3987761199573678
7.8,0.5,0.12,1.8,0.178,21.0,0.996,3.28,0.87,9.8,6,1.0296194171811583,0.16381808522939495,3.091042453358316,0.6259384308664953
7.3,0.67,0.02,2.2,0.072,92.0,0.99566,3.32,0.68,11.1,6,1.1631508098056809,0.06952606264861023,4.532599493153256,0.5187937934151676
8.0,0.745,0.56,2.0,0.118,134.0,0.9968,3.24,0.66,9.4,5,1.0986122886681098,0.11154137473290741,4.90527477843843,0.5068176023684519
9.2,0.67,0.1,3.0,0.091,48.0,0.99888,3.31,0.54,9.5,6,1.3862943611198906,0.08709470685093376,3.8918202981106265,0.43178241642553783
8.6,0.63,0.17,2.9,0.099,119.0,0.998,3.09,0.52,9.3,5,1.3609765531356006,0.09440067542148431,4.787491742782046,0.41871033485818504
9.0,0.58,0.25,2.0,0.104,21.0,0.99769,3.27,0.72,9.6,5,1.0986122886681098,0.09893994785490356,3.091042453358316,0.5423242908253617
8.7,0.7,0.24,2.5,0.226,15.0,0.9991,3.32,0.6,9.0,6,1.252762968495368,0.20375683751401966,2.772588722239781,0.4700036292457355
7.3,1.07,0.09,1.7,0.178,89.0,0.9962,3.3,0.57,9.0,5,0.9932517730102833,0.16381808522939495,4.499809670330265,0.4510756193602167
8.7,0.82,0.02,1.2,0.07,48.0,0.9952,3.2,0.58,9.8,5,0.7884573603642702,0.06765864847381481,3.8918202981106265,0.4574248470388754
7.0,0.6,0.12,2.2,0.083,28.0,0.9966,3.52,0.62,10.2,7,1.1631508098056809,0.07973496801885356,3.367295829986474,0.4824261492442927
13.3,0.43,0.58,1.9,0.07,40.0,1.0004,3.06,0.49,9.0,5,1.0647107369924282,0.06765864847381481,3.713572066704308,0.3987761199573678
8.9,0.61,0.49,2.0,0.27,110.0,0.9972,3.12,1.02,9.3,5,1.0986122886681098,0.23901690047049992,4.709530201312334,0.7030975114131134
6.7,0.58,0.08,1.8,0.0969999999999999,65.0,0.9959,3.28,0.54,9.2,5,1.0296194171811583,0.0925791812930931,4.189654742026425,0.43178241642553783
6.2,0.58,0.0,1.6,0.065,18.0,0.9966,3.56,0.84,9.4,5,0.9555114450274363,0.06297479916138844,2.9444389791664403,0.6097655716208943
6.9,0.4,0.14,2.4,0.085,40.0,0.9968,3.43,0.63,9.7,6,1.2237754316221157,0.08157998699242287,3.713572066704308,0.48858001481867097
6.0,0.49,0.0,2.3,0.068,33.0,0.99292,3.58,0.59,12.5,6,1.1939224684724346,0.0657877405380031,3.5263605246161616,0.4637340162321401
9.8,0.39,0.43,1.65,0.068,11.0,0.99478,3.19,0.46,11.4,5,0.9745596399981308,0.0657877405380031,2.4849066497880004,0.3784364357202451
10.4,0.26,0.48,1.9,0.066,10.0,0.99724,3.33,0.87,10.9,6,1.0647107369924282,0.0639133257436528,2.3978952727983707,0.6259384308664953
11.8,0.26,0.52,1.8,0.071,10.0,0.9968,3.2,0.72,10.2,7,1.0296194171811583,0.06859279146561172,2.3978952727983707,0.5423242908253617
7.7,0.51,0.28,2.1,0.087,54.0,0.998,3.42,0.74,9.2,5,1.1314021114911006,0.08342160813907239,4.007333185232471,0.5538851132264376
7.1,0.62,0.06,1.3,0.07,12.0,0.9942,3.17,0.48,9.8,5,0.832909122935104,0.06765864847381481,2.5649493574615367,0.3920420877760237
8.9,0.48,0.24,2.85,0.094,106.0,0.9982,3.1,0.53,9.2,5,1.3480731482996928,0.08984070399978947,4.672828834461906,0.4252677354043441
7.8,0.91,0.07,1.9,0.0579999999999999,47.0,0.99525,3.51,0.43,10.7,6,1.0647107369924282,0.056380333436107544,3.871201010907891,0.3576744442718159
8.9,0.22,0.48,1.8,0.077,60.0,0.9968,3.39,0.53,9.4,6,1.0296194171811583,0.07417939817425151,4.110873864173311,0.4252677354043441
8.5,0.585,0.18,2.1,0.078,30.0,0.9967,3.2,0.48,9.8,6,1.1314021114911006,0.07510747248680541,3.4339872044851463,0.3920420877760237
7.6,0.645,0.03,1.9,0.086,57.0,0.9969,3.37,0.46,10.3,5,1.0647107369924282,0.08250122151174369,4.060443010546419,0.3784364357202451
7.5,0.58,0.14,2.2,0.077,60.0,0.9963,3.28,0.59,9.8,5,1.1631508098056809,0.07417939817425151,4.110873864173311,0.4637340162321401
7.0,0.54,0.09,2.0,0.081,16.0,0.99479,3.43,0.59,11.5,6,1.0986122886681098,0.07788653865707122,2.833213344056216,0.4637340162321401
6.5,0.51,0.15,3.0,0.064,27.0,0.9929,3.33,0.59,12.8,6,1.3862943611198906,0.06203539091945264,3.332204510175204,0.4637340162321401
7.4,0.39,0.48,2.0,0.0819999999999999,67.0,0.9972,3.34,0.55,9.2,5,1.0986122886681098,0.0788111804242897,4.219507705176107,0.4382549309311553
7.4,0.36,0.34,1.8,0.075,38.0,0.9933,3.38,0.88,13.6,7,1.0296194171811583,0.07232066157962612,3.6635616461296463,0.6312717768418579
9.4,0.59,0.14,2.0,0.084,48.0,0.9981,3.14,0.56,9.7,5,1.0986122886681098,0.08065790301745447,3.8918202981106265,0.44468582126144574
7.5,0.38,0.57,2.3,0.106,12.0,0.99605,3.36,0.55,11.4,6,1.1939224684724346,0.10074990310014305,2.5649493574615367,0.4382549309311553
8.2,0.42,0.49,2.6,0.084,55.0,0.9988,3.34,0.75,8.7,6,1.2809338454620642,0.08065790301745447,4.02535169073515,0.5596157879354227
8.6,0.47,0.47,2.4,0.074,29.0,0.9979,3.08,0.46,9.5,5,1.2237754316221157,0.07138999608667294,3.4011973816621555,0.3784364357202451
7.4,0.63,0.07,2.4,0.09,37.0,0.9979,3.43,0.76,9.7,6,1.2237754316221157,0.08617769624105233,3.6375861597263857,0.5653138090500605
8.1,0.33,0.44,1.5,0.042,12.0,0.99542,3.35,0.61,10.7,5,0.9162907318741551,0.04114194333117518,2.5649493574615367,0.4762341789963716
13.2,0.38,0.55,2.7,0.081,16.0,1.0006,2.98,0.54,9.4,5,1.308332819650179,0.07788653865707122,2.833213344056216,0.43178241642553783
10.1,0.65,0.37,5.1,0.11,65.0,1.0026,3.32,0.64,10.4,6,1.8082887711792655,0.10436001532424277,4.189654742026425,0.49469624183610705
12.5,0.38,0.6,2.6,0.081,72.0,0.9996,3.1,0.73,10.5,5,1.2809338454620642,0.07788653865707122,4.290459441148391,0.5481214085096876
7.3,0.67,0.02,2.2,0.072,92.0,0.99566,3.32,0.68,11.066666666666698,6,1.1631508098056809,0.06952606264861023,4.532599493153256,0.5187937934151676
7.8,0.545,0.12,2.5,0.068,35.0,0.996,3.34,0.61,11.6,6,1.252762968495368,0.0657877405380031,3.58351893845611,0.4762341789963716
11.9,0.58,0.66,2.5,0.072,37.0,0.9992,3.05,0.56,10.0,5,1.252762968495368,0.06952606264861023,3.6375861597263857,0.44468582126144574
11.4,0.26,0.44,3.6,0.071,19.0,0.9986,3.12,0.82,9.3,6,1.5260563034950494,0.06859279146561172,2.995732273553991,0.598836501088704
7.2,0.39,0.44,2.6,0.066,48.0,0.99494,3.3,0.84,11.5,6,1.2809338454620642,0.0639133257436528,3.8918202981106265,0.6097655716208943
12.6,0.41,0.54,2.8,0.103,41.0,0.99939,3.21,0.76,11.3,6,1.33500106673234,0.09803374027136541,3.7376696182833684,0.5653138090500605
8.8,0.3,0.38,2.3,0.06,72.0,0.99543,3.39,0.72,11.8,6,1.1939224684724346,0.058268908123975775,4.290459441148391,0.5423242908253617
12.5,0.28,0.54,2.3,0.0819999999999999,29.0,0.9997,3.11,1.36,9.8,7,1.1939224684724346,0.0788111804242897,3.4011973816621555,0.8586616190375187
9.2,0.36,0.34,1.6,0.062,12.0,0.99667,3.2,0.67,10.5,6,0.9555114450274363,0.06015392281974709,2.5649493574615367,0.5128236264286637
10.6,0.31,0.49,2.2,0.063,40.0,0.9976,3.14,0.51,9.8,6,1.1631508098056809,0.061095099359810875,3.713572066704308,0.412109650826833
6.4,0.4,0.23,1.6,0.066,12.0,0.9958,3.34,0.56,9.2,5,0.9555114450274363,0.0639133257436528,2.5649493574615367,0.44468582126144574
7.8,0.56,0.19,2.0,0.081,108.0,0.9962,3.32,0.54,9.5,5,1.0986122886681098,0.07788653865707122,4.6913478822291435,0.43178241642553783
5.0,0.4,0.5,4.3,0.046,80.0,0.9902,3.49,0.66,13.6,6,1.667706820558076,0.044973365642731154,4.394449154672439,0.5068176023684519
6.9,1.09,0.06,2.1,0.061,31.0,0.9948,3.51,0.43,11.4,4,1.1314021114911006,0.05921185963184608,3.4657359027997265,0.3576744442718159
10.2,0.34,0.48,2.1,0.052,9.0,0.99458,3.2,0.69,12.1,7,1.1314021114911006,0.050693114315518116,2.302585092994046,0.5247285289349821
7.4,0.35,0.33,2.4,0.068,26.0,0.9947,3.36,0.6,11.9,6,1.2237754316221157,0.0657877405380031,3.295836866004329,0.4700036292457355
7.5,0.58,0.03,4.1,0.08,46.0,0.99592,3.02,0.47,9.2,5,1.62924053973028,0.07696104113612832,3.8501476017100584,0.3852624007906449
7.0,0.45,0.34,2.7,0.0819999999999999,72.0,0.998,3.55,0.6,9.5,5,1.308332819650179,0.0788111804242897,4.290459441148391,0.4700036292457355
7.3,0.91,0.1,1.8,0.074,56.0,0.99672,3.35,0.56,9.2,5,1.0296194171811583,0.07138999608667294,4.04305126783455,0.44468582126144574
7.8,0.59,0.33,2.0,0.074,120.0,0.9968,3.25,0.54,9.4,5,1.0986122886681098,0.07138999608667294,4.795790545596741,0.43178241642553783
7.9,0.53,0.24,2.0,0.072,105.0,0.996,3.27,0.54,9.4,6,1.0986122886681098,0.06952606264861023,4.663439094112067,0.43178241642553783
8.4,0.65,0.6,2.1,0.1119999999999999,90.0,0.9973,3.2,0.52,9.2,5,1.1314021114911006,0.10616019582839055,4.51085950651685,0.41871033485818504
6.2,0.65,0.06,1.6,0.05,18.0,0.99348,3.57,0.54,11.95,5,0.9555114450274363,0.04879016416943201,2.9444389791664403,0.43178241642553783
10.1,0.37,0.34,2.4,0.085,17.0,0.99683,3.17,0.65,10.6,7,1.2237754316221157,0.08157998699242287,2.8903717578961645,0.5007752879124893
6.8,0.49,0.22,2.3,0.071,24.0,0.99438,3.41,0.83,11.3,6,1.1939224684724346,0.06859279146561172,3.2188758248682006,0.6043159668533296
10.9,0.37,0.58,4.0,0.071,65.0,0.99935,3.22,0.78,10.1,5,1.6094379124341003,0.06859279146561172,4.189654742026425,0.5766133643039938
7.1,0.875,0.05,5.7,0.0819999999999999,14.0,0.99808,3.4,0.52,10.2,3,1.9021075263969205,0.0788111804242897,2.70805020110221,0.41871033485818504
10.6,0.44,0.68,4.1,0.114,24.0,0.997,3.06,0.66,13.4,6,1.62924053973028,0.10795714150509228,3.2188758248682006,0.5068176023684519
8.7,0.48,0.3,2.8,0.066,28.0,0.9964,3.33,0.67,11.2,7,1.33500106673234,0.0639133257436528,3.367295829986474,0.5128236264286637
10.8,0.47,0.43,2.1,0.171,66.0,0.9982,3.17,0.76,10.8,6,1.1314021114911006,0.1578580846155803,4.204692619390966,0.5653138090500605
6.2,0.45,0.2,1.6,0.069,15.0,0.9958,3.41,0.56,9.2,5,0.9555114450274363,0.06672363204290818,2.772588722239781,0.44468582126144574
11.5,0.18,0.51,4.0,0.104,23.0,0.9996,3.28,0.97,10.1,6,1.6094379124341003,0.09893994785490356,3.1780538303479458,0.6780335427498971
7.3,0.43,0.24,2.5,0.078,67.0,0.99648,3.6,0.59,11.1,6,1.252762968495368,0.07510747248680541,4.219507705176107,0.4637340162321401
9.1,0.775,0.22,2.2,0.079,48.0,0.9976,3.18,0.51,9.6,5,1.1631508098056809,0.0760346862759976,3.8918202981106265,0.412109650826833
7.5,0.5,0.36,6.1,0.071,102.0,0.9978,3.35,0.8,10.5,5,1.9600947840472698,0.06859279146561172,4.634728988229636,0.5877866649021191
7.9,0.58,0.23,2.3,0.076,94.0,0.99686,3.21,0.58,9.5,6,1.1939224684724346,0.07325046173959267,4.553876891600541,0.4574248470388754
7.5,0.27,0.34,2.3,0.05,8.0,0.9951,3.4,0.64,11.0,7,1.1939224684724346,0.04879016416943201,2.1972245773362196,0.49469624183610705
10.5,0.42,0.66,2.95,0.1159999999999999,29.0,0.997,3.24,0.75,11.7,7,1.3737155789130306,0.10975086395911911,3.4011973816621555,0.5596157879354227
9.4,0.615,0.28,3.2,0.087,72.0,1.0001,3.31,0.53,9.7,5,1.4350845252893227,0.08342160813907239,4.290459441148391,0.4252677354043441
7.8,0.53,0.01,1.6,0.077,19.0,0.995,3.16,0.46,9.8,5,0.9555114450274363,0.07417939817425151,2.995732273553991,0.3784364357202451
8.9,0.4,0.32,5.6,0.087,47.0,0.9991,3.38,0.77,10.5,7,1.8870696490323797,0.08342160813907239,3.871201010907891,0.5709795465857378
5.6,0.66,0.0,2.5,0.066,15.0,0.99256,3.52,0.58,12.9,5,1.252762968495368,0.0639133257436528,2.772588722239781,0.4574248470388754
8.7,0.63,0.28,2.7,0.096,69.0,0.99734,3.26,0.63,10.2,6,1.308332819650179,0.0916671885258238,4.248495242049359,0.48858001481867097
8.3,0.625,0.2,1.5,0.08,119.0,0.9972,3.16,1.12,9.1,4,0.9162907318741551,0.07696104113612832,4.787491742782046,0.7514160886839212
6.3,0.47,0.0,1.4,0.055,33.0,0.9922,3.45,0.48,12.3,6,0.8754687373538999,0.053540766928029816,3.5263605246161616,0.3920420877760237
7.2,0.635,0.07,2.6,0.077,86.0,0.99748,3.51,0.54,9.7,5,1.2809338454620642,0.07417939817425151,4.465908118654584,0.43178241642553783
6.6,0.5,0.0,1.8,0.062,28.0,0.99352,3.44,0.55,12.3,6,1.0296194171811583,0.06015392281974709,3.367295829986474,0.4382549309311553
9.6,0.68,0.24,2.2,0.087,28.0,0.9988,3.14,0.6,10.2,5,1.1631508098056809,0.08342160813907239,3.367295829986474,0.4700036292457355
7.9,0.32,0.51,1.8,0.341,56.0,0.9969,3.04,1.08,9.2,6,1.0296194171811583,0.2934156042995415,4.04305126783455,0.7323678937132266
8.7,0.675,0.1,1.6,0.09,11.0,0.99745,3.31,0.65,9.55,5,0.9555114450274363,0.08617769624105233,2.4849066497880004,0.5007752879124893
8.4,0.31,0.29,3.1,0.1939999999999999,26.0,0.99536,3.22,0.78,12.0,6,1.410986973710262,0.17730901497041027,3.295836866004329,0.5766133643039938
11.6,0.23,0.57,1.8,0.074,8.0,0.9981,3.14,0.7,9.9,6,1.0296194171811583,0.07138999608667294,2.1972245773362196,0.5306282510621704
8.5,0.66,0.2,2.1,0.0969999999999999,113.0,0.99733,3.13,0.48,9.2,5,1.1314021114911006,0.0925791812930931,4.736198448394496,0.3920420877760237
7.3,0.38,0.21,2.0,0.08,35.0,0.9961,3.33,0.47,9.5,5,1.0986122886681098,0.07696104113612832,3.58351893845611,0.3852624007906449
7.4,0.36,0.3,1.8,0.074,24.0,0.99419,3.24,0.7,11.4,8,1.0296194171811583,0.07138999608667294,3.2188758248682006,0.5306282510621704
8.0,0.6,0.22,2.1,0.08,105.0,0.99613,3.3,0.49,9.9,5,1.1314021114911006,0.07696104113612832,4.663439094112067,0.3987761199573678
6.4,0.57,0.12,2.3,0.12,36.0,0.99519,3.47,0.71,11.3,7,1.1939224684724346,0.11332868530700317,3.6109179126442243,0.5364933705145685
5.6,0.5,0.09,2.3,0.049,99.0,0.9937,3.63,0.63,13.0,5,1.1939224684724346,0.04783732941416013,4.605170185988092,0.48858001481867097
8.3,0.675,0.26,2.1,0.084,43.0,0.9976,3.31,0.53,9.2,4,1.1314021114911006,0.08065790301745447,3.784189633918261,0.4252677354043441
8.2,0.34,0.38,2.5,0.08,57.0,0.9978,3.3,0.47,9.0,6,1.252762968495368,0.07696104113612832,4.060443010546419,0.3852624007906449
7.0,0.62,0.18,1.5,0.062,50.0,0.9951,3.08,0.6,9.3,5,0.9162907318741551,0.06015392281974709,3.9318256327243257,0.4700036292457355
6.9,0.84,0.21,4.1,0.074,65.0,0.99842,3.53,0.72,9.23333333333333,6,1.62924053973028,0.07138999608667294,4.189654742026425,0.5423242908253617
8.1,0.545,0.18,1.9,0.08,35.0,0.9972,3.3,0.59,9.0,6,1.0647107369924282,0.07696104113612832,3.58351893845611,0.4637340162321401
7.2,0.53,0.13,2.0,0.0579999999999999,22.0,0.99573,3.21,0.68,9.9,6,1.0986122886681098,0.056380333436107544,3.1354942159291497,0.5187937934151676
7.6,0.63,0.03,2.0,0.08,43.0,0.99578,3.44,0.64,10.9,6,1.0986122886681098,0.07696104113612832,3.784189633918261,0.49469624183610705
5.9,0.55,0.1,2.2,0.062,51.0,0.99512,3.52,0.76,11.2,6,1.1631508098056809,0.06015392281974709,3.9512437185814275,0.5653138090500605
9.6,0.5,0.36,2.8,0.1159999999999999,55.0,0.99722,3.18,0.68,10.9,5,1.33500106673234,0.10975086395911911,4.02535169073515,0.5187937934151676
9.5,0.37,0.52,2.0,0.0819999999999999,26.0,0.998,3.18,0.51,9.5,5,1.0986122886681098,0.0788111804242897,3.295836866004329,0.412109650826833
9.0,0.54,0.49,2.9,0.094,110.0,0.9982,3.08,0.61,9.2,5,1.3609765531356006,0.08984070399978947,4.709530201312334,0.4762341789963716
7.8,0.39,0.42,2.0,0.086,21.0,0.99526,3.39,0.66,11.6,6,1.0986122886681098,0.08250122151174369,3.091042453358316,0.5068176023684519
8.0,0.48,0.34,2.2,0.073,25.0,0.9936,3.28,0.66,12.4,6,1.1631508098056809,0.07045846364856141,3.258096538021482,0.5068176023684519
9.5,0.46,0.24,2.7,0.092,44.0,0.998,3.12,0.74,10.0,6,1.308332819650179,0.0880108773227133,3.8066624897703196,0.5538851132264376
9.4,0.4,0.31,2.2,0.09,62.0,0.9966,3.07,0.63,10.5,6,1.1631508098056809,0.08617769624105233,4.143134726391533,0.48858001481867097
7.2,0.65,0.02,2.3,0.094,31.0,0.9993,3.67,0.8,9.7,5,1.1939224684724346,0.08984070399978947,3.4657359027997265,0.5877866649021191
9.8,0.44,0.47,2.5,0.063,28.0,0.9981,3.24,0.65,10.8,6,1.252762968495368,0.061095099359810875,3.367295829986474,0.5007752879124893
11.5,0.59,0.59,2.6,0.087,49.0,0.9988,3.18,0.65,11.0,6,1.2809338454620642,0.08342160813907239,3.912023005428146,0.5007752879124893
7.3,0.45,0.36,5.9,0.074,87.0,0.9978,3.33,0.83,10.5,5,1.9315214116032138,0.07138999608667294,4.477336814478207,0.6043159668533296
11.4,0.625,0.66,6.2,0.088,24.0,0.9988,3.11,0.99,13.3,6,1.9740810260220096,0.08434114843375087,3.2188758248682006,0.688134638736401
10.8,0.26,0.45,3.3,0.06,49.0,0.9972,3.13,0.54,9.6,5,1.4586150226995167,0.058268908123975775,3.912023005428146,0.43178241642553783
8.0,0.28,0.44,1.8,0.081,68.0,0.99501,3.36,0.66,11.2,5,1.0296194171811583,0.07788653865707122,4.23410650459726,0.5068176023684519
7.0,0.62,0.08,1.8,0.076,24.0,0.9978,3.48,0.53,9.0,5,1.0296194171811583,0.07325046173959267,3.2188758248682006,0.4252677354043441
7.2,0.41,0.3,2.1,0.083,72.0,0.997,3.44,0.52,9.4,5,1.1314021114911006,0.07973496801885356,4.290459441148391,0.41871033485818504
12.2,0.48,0.54,2.6,0.085,64.0,1.0,3.1,0.61,10.5,6,1.2809338454620642,0.08157998699242287,4.174387269895637,0.4762341789963716
6.4,0.38,0.14,2.2,0.038,25.0,0.99514,3.44,0.65,11.1,6,1.1631508098056809,0.037295784743696894,3.258096538021482,0.5007752879124893
7.3,0.695,0.0,2.5,0.075,13.0,0.998,3.49,0.52,9.2,5,1.252762968495368,0.07232066157962612,2.6390573296152584,0.41871033485818504
12.9,0.35,0.49,5.8,0.066,35.0,1.0014,3.2,0.66,12.0,7,1.916922612182061,0.0639133257436528,3.58351893845611,0.5068176023684519
7.8,0.59,0.18,2.3,0.076,54.0,0.9975,3.43,0.59,10.0,5,1.1939224684724346,0.07325046173959267,4.007333185232471,0.4637340162321401
10.0,0.43,0.33,2.7,0.095,89.0,0.9984,3.22,0.68,10.0,5,1.308332819650179,0.09075436326846414,4.499809670330265,0.5187937934151676
15.5,0.645,0.49,4.2,0.095,23.0,1.00315,2.92,0.74,11.1,5,1.6486586255873816,0.09075436326846414,3.1780538303479458,0.5538851132264376
9.6,0.33,0.52,2.2,0.074,25.0,0.99509,3.36,0.76,12.4,7,1.1631508098056809,0.07138999608667294,3.258096538021482,0.5653138090500605
8.5,0.44,0.5,1.9,0.369,38.0,0.99634,3.01,1.1,9.4,5,1.0647107369924282,0.3140805463063118,3.6635616461296463,0.7419373447293773
10.6,1.02,0.43,2.9,0.076,88.0,0.9984,3.08,0.57,10.1,6,1.3609765531356006,0.07325046173959267,4.48863636973214,0.4510756193602167
6.6,0.725,0.09,5.5,0.1169999999999999,17.0,0.99655,3.35,0.49,10.8,6,1.8718021769015913,0.11064652008706356,2.8903717578961645,0.3987761199573678
8.9,0.5,0.21,2.2,0.088,39.0,0.99692,3.33,0.83,11.1,6,1.1631508098056809,0.08434114843375087,3.6888794541139363,0.6043159668533296
10.4,0.44,0.73,6.55,0.074,76.0,0.999,3.17,0.85,12.0,7,2.0215475632609334,0.07138999608667294,4.343805421853684,0.6151856390902335
8.1,0.575,0.22,2.1,0.077,65.0,0.9967,3.29,0.51,9.2,5,1.1314021114911006,0.07417939817425151,4.189654742026425,0.412109650826833
11.0,0.3,0.58,2.1,0.054,19.0,0.998,3.31,0.88,10.5,7,1.1314021114911006,0.05259245011917058,2.995732273553991,0.6312717768418579
6.4,0.67,0.08,2.1,0.045,48.0,0.9949,3.49,0.49,11.4,6,1.1314021114911006,0.04401688541677432,3.8918202981106265,0.3987761199573678
12.5,0.6,0.49,4.3,0.1,14.0,1.001,3.25,0.74,11.9,6,1.667706820558076,0.09531017980432487,2.70805020110221,0.5538851132264376
8.0,0.59,0.16,1.8,0.065,16.0,0.9962,3.42,0.92,10.5,7,1.0296194171811583,0.06297479916138844,2.833213344056216,0.6523251860396903
6.8,0.56,0.03,1.7,0.084,35.0,0.9968,3.44,0.63,10.0,6,0.9932517730102833,0.08065790301745447,3.58351893845611,0.48858001481867097
6.2,0.6,0.08,2.0,0.09,44.0,0.9949,3.45,0.58,10.5,5,1.0986122886681098,0.08617769624105233,3.8066624897703196,0.4574248470388754
9.9,0.5,0.24,2.3,0.103,14.0,0.9978,3.34,0.52,10.0,4,1.1939224684724346,0.09803374027136541,2.70805020110221,0.41871033485818504
7.5,0.52,0.16,1.9,0.085,35.0,0.9968,3.38,0.62,9.5,7,1.0647107369924282,0.08157998699242287,3.58351893845611,0.4824261492442927
5.6,0.66,0.0,2.2,0.087,11.0,0.99378,3.71,0.63,12.8,7,1.1631508098056809,0.08342160813907239,2.4849066497880004,0.48858001481867097
8.0,0.3,0.63,1.6,0.081,29.0,0.99588,3.3,0.78,10.8,6,0.9555114450274363,0.07788653865707122,3.4011973816621555,0.5766133643039938
6.8,0.67,0.02,1.8,0.05,11.0,0.9962,3.48,0.52,9.5,5,1.0296194171811583,0.04879016416943201,2.4849066497880004,0.41871033485818504
7.5,0.6,0.03,1.8,0.095,99.0,0.995,3.35,0.54,10.1,5,1.0296194171811583,0.09075436326846414,4.605170185988092,0.43178241642553783
8.1,0.87,0.0,2.2,0.084,31.0,0.99656,3.25,0.5,9.8,5,1.1631508098056809,0.08065790301745447,3.4657359027997265,0.4054651081081644
12.5,0.46,0.49,4.5,0.07,49.0,0.9981,3.05,0.57,9.6,4,1.7047480922384253,0.06765864847381481,3.912023005428146,0.4510756193602167
7.6,0.49,0.33,1.9,0.074,85.0,0.99706,3.41,0.58,9.0,5,1.0647107369924282,0.07138999608667294,4.454347296253507,0.4574248470388754
7.5,0.4,0.18,1.6,0.079,58.0,0.9965,3.34,0.58,9.4,5,0.9555114450274363,0.0760346862759976,4.07753744390572,0.4574248470388754
8.6,0.33,0.4,2.6,0.083,68.0,0.99782,3.3,0.48,9.4,5,1.2809338454620642,0.07973496801885356,4.23410650459726,0.3920420877760237
6.0,0.51,0.0,2.1,0.064,54.0,0.995,3.54,0.93,10.7,6,1.1314021114911006,0.06203539091945264,4.007333185232471,0.6575200029167942
7.1,0.735,0.16,1.9,0.1,77.0,0.9966,3.27,0.64,9.3,5,1.0647107369924282,0.09531017980432487,4.356708826689592,0.49469624183610705
10.2,0.29,0.49,2.6,0.059,13.0,0.9976,3.05,0.74,10.5,7,1.2809338454620642,0.0573250666192694,2.6390573296152584,0.5538851132264376
5.4,0.74,0.09,1.7,0.089,26.0,0.99402,3.67,0.56,11.6,6,0.9932517730102833,0.08525984395082342,3.295836866004329,0.44468582126144574
7.0,0.36,0.21,2.4,0.086,69.0,0.99556,3.4,0.53,10.1,6,1.2237754316221157,0.08250122151174369,4.248495242049359,0.4252677354043441
9.1,0.76,0.68,1.7,0.414,64.0,0.99652,2.9,1.33,9.1,6,0.9932517730102833,0.346422567474381,4.174387269895637,0.8458682675776092
7.8,0.54,0.26,2.0,0.088,48.0,0.9981,3.41,0.74,9.2,6,1.0986122886681098,0.08434114843375087,3.8918202981106265,0.5538851132264376
7.0,0.69,0.08,1.8,0.0969999999999999,89.0,0.9959,3.34,0.54,9.2,6,1.0296194171811583,0.0925791812930931,4.499809670330265,0.43178241642553783
9.5,0.78,0.22,1.9,0.077,32.0,0.9988,3.26,0.56,10.6,6,1.0647107369924282,0.07417939817425151,3.4965075614664802,0.44468582126144574
6.5,0.4,0.1,2.0,0.076,47.0,0.99554,3.36,0.48,9.4,6,1.0986122886681098,0.07325046173959267,3.871201010907891,0.3920420877760237
7.8,0.6,0.14,2.4,0.086,15.0,0.9975,3.42,0.6,10.8,6,1.2237754316221157,0.08250122151174369,2.772588722239781,0.4700036292457355
7.3,0.835,0.03,2.1,0.092,19.0,0.9966,3.39,0.47,9.6,5,1.1314021114911006,0.0880108773227133,2.995732273553991,0.3852624007906449
9.6,0.32,0.47,1.4,0.0559999999999999,24.0,0.99695,3.22,0.82,10.3,7,0.8754687373538999,0.05448818528406963,3.2188758248682006,0.598836501088704
9.2,0.52,1.0,3.4,0.61,69.0,0.9996,2.74,2.0,9.4,4,1.4816045409242156,0.4762341789963716,4.248495242049359,1.0986122886681098
8.0,0.64,0.22,2.4,0.094,33.0,0.99612,3.37,0.58,11.0,5,1.2237754316221157,0.08984070399978947,3.5263605246161616,0.4574248470388754
12.5,0.37,0.55,2.6,0.083,68.0,0.9995,3.15,0.82,10.4,6,1.2809338454620642,0.07973496801885356,4.23410650459726,0.598836501088704
7.2,0.34,0.24,2.0,0.071,52.0,0.99576,3.44,0.58,10.1,5,1.0986122886681098,0.06859279146561172,3.970291913552122,0.4574248470388754
6.9,0.54,0.3,2.2,0.088,105.0,0.99725,3.25,1.18,10.5,6,1.1631508098056809,0.08434114843375087,4.663439094112067,0.7793248768009976
8.3,0.655,0.12,2.3,0.083,113.0,0.9966,3.17,0.66,9.8,5,1.1939224684724346,0.07973496801885356,4.736198448394496,0.5068176023684519
12.3,0.39,0.63,2.3,0.091,18.0,1.0004,3.16,0.49,9.5,5,1.1939224684724346,0.08709470685093376,2.9444389791664403,0.3987761199573678
10.5,0.39,0.46,2.2,0.075,27.0,0.99598,3.06,0.84,11.4,6,1.1631508098056809,0.07232066157962612,3.332204510175204,0.6097655716208943
6.4,0.56,0.15,1.8,0.078,65.0,0.99294,3.33,0.6,10.5,6,1.0296194171811583,0.07510747248680541,4.189654742026425,0.4700036292457355
10.3,0.53,0.48,2.5,0.063,25.0,0.9998,3.12,0.59,9.3,6,1.252762968495368,0.061095099359810875,3.258096538021482,0.4637340162321401
5.6,0.85,0.05,1.4,0.045,88.0,0.9924,3.56,0.82,12.9,8,0.8754687373538999,0.04401688541677432,4.48863636973214,0.598836501088704
6.7,0.7,0.08,3.75,0.067,16.0,0.99334,3.43,0.52,12.6,5,1.55814461804655,0.06485097231961631,2.833213344056216,0.41871033485818504
7.6,0.54,0.02,1.7,0.085,31.0,0.99589,3.37,0.51,10.4,6,0.9932517730102833,0.08157998699242287,3.4657359027997265,0.412109650826833
7.9,0.43,0.21,1.6,0.106,37.0,0.9966,3.17,0.91,9.5,5,0.9555114450274363,0.10074990310014305,3.6375861597263857,0.6471032420585385
13.8,0.49,0.67,3.0,0.093,15.0,0.9986,3.02,0.93,12.0,6,1.3862943611198906,0.08892620919440151,2.772588722239781,0.6575200029167942
6.3,0.76,0.0,2.9,0.072,52.0,0.99379,3.51,0.6,11.5,6,1.3609765531356006,0.06952606264861023,3.970291913552122,0.4700036292457355
11.9,0.38,0.51,2.0,0.121,20.0,0.9996,3.24,0.76,10.4,6,1.0986122886681098,0.11422114409002286,3.044522437723423,0.5653138090500605
7.6,0.52,0.12,3.0,0.067,53.0,0.9971,3.36,0.57,9.1,5,1.3862943611198906,0.06485097231961631,3.9889840465642745,0.4510756193602167
6.9,0.55,0.15,2.2,0.076,40.0,0.9961,3.41,0.59,10.1,5,1.1631508098056809,0.07325046173959267,3.713572066704308,0.4637340162321401
6.5,0.53,0.06,2.0,0.063,44.0,0.99489,3.38,0.83,10.3,6,1.0986122886681098,0.061095099359810875,3.8066624897703196,0.6043159668533296
11.6,0.53,0.66,3.65,0.121,14.0,0.9978,3.05,0.74,11.5,7,1.536867219599265,0.11422114409002286,2.70805020110221,0.5538851132264376
8.2,0.35,0.33,2.4,0.076,47.0,0.99599,3.27,0.81,11.0,6,1.2237754316221157,0.07325046173959267,3.871201010907891,0.5933268452777344
7.9,0.51,0.25,2.9,0.077,45.0,0.9974,3.49,0.96,12.1,6,1.3609765531356006,0.07417939817425151,3.828641396489095,0.6729444732424258
10.5,0.24,0.42,1.8,0.077,22.0,0.9976,3.21,1.05,10.8,7,1.0296194171811583,0.07417939817425151,3.1354942159291497,0.7178397931503169
7.4,0.59,0.08,4.4,0.086,29.0,0.9974,3.38,0.5,9.0,4,1.6863989535702288,0.08250122151174369,3.4011973816621555,0.4054651081081644
8.2,0.28,0.6,3.0,0.104,22.0,0.99828,3.39,0.68,10.6,5,1.3862943611198906,0.09893994785490356,3.1354942159291497,0.5187937934151676
8.0,1.18,0.21,1.9,0.083,41.0,0.99532,3.34,0.47,10.5,5,1.0647107369924282,0.07973496801885356,3.7376696182833684,0.3852624007906449
7.1,0.63,0.06,2.0,0.083,29.0,0.99855,3.67,0.73,9.6,5,1.0986122886681098,0.07973496801885356,3.4011973816621555,0.5481214085096876
10.3,0.34,0.52,2.8,0.159,75.0,0.9998,3.18,0.64,9.4,5,1.33500106673234,0.14755756435761466,4.330733340286331,0.49469624183610705
8.6,0.38,0.36,3.0,0.081,119.0,0.997,3.2,0.56,9.4,5,1.3862943611198906,0.07788653865707122,4.787491742782046,0.44468582126144574
7.7,0.935,0.43,2.2,0.114,114.0,0.997,3.25,0.73,9.2,5,1.1631508098056809,0.10795714150509228,4.74493212836325,0.5481214085096876
9.0,0.46,0.23,2.8,0.092,104.0,0.9983,3.1,0.56,9.2,5,1.33500106673234,0.0880108773227133,4.653960350157523,0.44468582126144574
10.4,0.41,0.55,3.2,0.076,54.0,0.9996,3.15,0.89,9.9,6,1.4350845252893227,0.07325046173959267,4.007333185232471,0.636576829071551
8.1,1.33,0.0,1.8,0.0819999999999999,12.0,0.9964,3.54,0.48,10.9,5,1.0296194171811583,0.0788111804242897,2.5649493574615367,0.3920420877760237
8.9,0.62,0.19,3.9,0.17,148.0,0.9986,3.17,0.93,9.2,5,1.589235205116581,0.15700374880966475,5.003946305945459,0.6575200029167942
7.3,0.67,0.05,3.6,0.107,20.0,0.9972,3.4,0.63,10.1,5,1.5260563034950494,0.10165365372649983,3.044522437723423,0.48858001481867097
8.3,0.42,0.38,2.5,0.094,60.0,0.9979,3.31,0.7,10.8,6,1.252762968495368,0.08984070399978947,4.110873864173311,0.5306282510621704
6.6,0.735,0.02,7.9,0.122,124.0,0.9994,3.47,0.53,9.9,5,2.186051276738094,0.11511280710050457,4.8283137373023015,0.4252677354043441
10.4,0.61,0.49,2.1,0.2,16.0,0.9994,3.16,0.63,8.4,3,1.1314021114911006,0.18232155679395465,2.833213344056216,0.48858001481867097
8.1,0.38,0.28,2.1,0.066,30.0,0.9968,3.23,0.73,9.7,7,1.1314021114911006,0.0639133257436528,3.4339872044851463,0.5481214085096876
7.2,0.63,0.03,2.2,0.08,88.0,0.99745,3.53,0.58,9.8,6,1.1631508098056809,0.07696104113612832,4.48863636973214,0.4574248470388754
7.0,0.56,0.17,1.7,0.065,24.0,0.99514,3.44,0.68,10.55,7,0.9932517730102833,0.06297479916138844,3.2188758248682006,0.5187937934151676
5.9,0.29,0.25,13.4,0.067,160.0,0.99721,3.33,0.54,10.3,6,2.667228206581955,0.06485097231961631,5.081404364984463,0.43178241642553783
8.8,0.55,0.04,2.2,0.119,56.0,0.9962,3.21,0.6,10.9,6,1.1631508098056809,0.11243542932978817,4.04305126783455,0.4700036292457355
10.4,0.43,0.5,2.3,0.068,19.0,0.996,3.1,0.87,11.4,6,1.1939224684724346,0.0657877405380031,2.995732273553991,0.6259384308664953
10.3,0.41,0.42,2.4,0.213,14.0,0.9994,3.19,0.62,9.5,6,1.2237754316221157,0.19309662996191307,2.70805020110221,0.4824261492442927
11.3,0.62,0.67,5.2,0.086,19.0,0.9988,3.22,0.69,13.4,8,1.824549292051046,0.08250122151174369,2.995732273553991,0.5247285289349821
7.6,0.36,0.31,1.7,0.079,65.0,0.99716,3.46,0.62,9.5,6,0.9932517730102833,0.0760346862759976,4.189654742026425,0.4824261492442927
5.7,0.6,0.0,1.4,0.063,18.0,0.99191,3.45,0.56,12.2,6,0.8754687373538999,0.061095099359810875,2.9444389791664403,0.44468582126144574
7.1,0.43,0.42,5.5,0.07,129.0,0.9973,3.42,0.72,10.5,5,1.8718021769015913,0.06765864847381481,4.867534450455582,0.5423242908253617
7.9,0.33,0.23,1.7,0.077,45.0,0.99625,3.29,0.65,9.3,5,0.9932517730102833,0.07417939817425151,3.828641396489095,0.5007752879124893
6.9,0.67,0.06,2.1,0.08,33.0,0.99845,3.68,0.71,9.6,5,1.1314021114911006,0.07696104113612832,3.5263605246161616,0.5364933705145685
9.9,0.54,0.45,2.3,0.071,40.0,0.9991,3.39,0.62,9.4,5,1.1939224684724346,0.06859279146561172,3.713572066704308,0.4824261492442927
9.2,0.31,0.36,2.2,0.079,31.0,0.99615,3.33,0.86,12.0,7,1.1631508098056809,0.0760346862759976,3.4657359027997265,0.6205764877251099
10.9,0.53,0.49,4.6,0.118,17.0,1.0002,3.07,0.56,11.7,6,1.7227665977411035,0.11154137473290741,2.8903717578961645,0.44468582126144574
8.9,0.28,0.45,1.7,0.067,12.0,0.99354,3.25,0.55,12.3,7,0.9932517730102833,0.06485097231961631,2.5649493574615367,0.4382549309311553
6.6,0.58,0.02,2.4,0.069,40.0,0.99387,3.38,0.66,12.6,6,1.2237754316221157,0.06672363204290818,3.713572066704308,0.5068176023684519
8.2,0.57,0.26,2.2,0.06,65.0,0.9959,3.3,0.43,10.1,5,1.1631508098056809,0.058268908123975775,4.189654742026425,0.3576744442718159
8.7,0.54,0.26,2.5,0.0969999999999999,31.0,0.9976,3.27,0.6,9.3,6,1.252762968495368,0.0925791812930931,3.4657359027997265,0.4700036292457355
7.3,0.58,0.3,2.4,0.074,55.0,0.9968,3.46,0.59,10.2,5,1.2237754316221157,0.07138999608667294,4.02535169073515,0.4637340162321401
7.9,0.24,0.4,1.6,0.0559999999999999,25.0,0.9967,3.32,0.87,8.7,6,0.9555114450274363,0.05448818528406963,3.258096538021482,0.6259384308664953
7.2,1.0,0.0,3.0,0.102,16.0,0.99586,3.43,0.46,10.0,5,1.3862943611198906,0.09712671073072274,2.833213344056216,0.3784364357202451
7.4,0.64,0.17,5.4,0.168,98.0,0.99736,3.28,0.5,9.5,5,1.8562979903656263,0.15529288440603534,4.59511985013459,0.4054651081081644
9.4,0.27,0.53,2.4,0.074,18.0,0.9962,3.2,1.13,12.0,7,1.2237754316221157,0.07138999608667294,2.9444389791664403,0.7561219797213337
10.8,0.5,0.46,2.5,0.073,27.0,1.0001,3.05,0.64,9.5,5,1.252762968495368,0.07045846364856141,3.332204510175204,0.49469624183610705
7.6,0.95,0.03,2.0,0.09,20.0,0.9959,3.2,0.56,9.6,5,1.0986122886681098,0.08617769624105233,3.044522437723423,0.44468582126144574
5.4,0.58,0.08,1.9,0.059,31.0,0.99484,3.5,0.64,10.2,6,1.0647107369924282,0.0573250666192694,3.4657359027997265,0.49469624183610705
11.6,0.44,0.64,2.1,0.059,15.0,0.998,3.21,0.67,10.2,6,1.1314021114911006,0.0573250666192694,2.772588722239781,0.5128236264286637
7.7,0.57,0.21,1.5,0.069,9.0,0.99458,3.16,0.54,9.8,6,0.9162907318741551,0.06672363204290818,2.302585092994046,0.43178241642553783
13.5,0.53,0.79,4.8,0.12,77.0,1.0018,3.18,0.77,13.0,5,1.7578579175523736,0.11332868530700317,4.356708826689592,0.5709795465857378
6.8,0.775,0.0,3.0,0.102,23.0,0.9965,3.45,0.56,10.7,5,1.3862943611198906,0.09712671073072274,3.1780538303479458,0.44468582126144574
7.7,0.56,0.2,2.0,0.075,39.0,0.9987,3.48,0.62,9.3,5,1.0986122886681098,0.07232066157962612,3.6888794541139363,0.4824261492442927
8.4,0.62,0.12,1.8,0.072,46.0,0.99504,3.38,0.89,11.8,6,1.0296194171811583,0.06952606264861023,3.8501476017100584,0.636576829071551
7.0,0.51,0.09,2.1,0.062,9.0,0.99584,3.35,0.54,10.5,5,1.1314021114911006,0.06015392281974709,2.302585092994046,0.43178241642553783
7.8,0.58,0.02,2.0,0.073,18.0,0.9968,3.36,0.57,9.5,7,1.0986122886681098,0.07045846364856141,2.9444389791664403,0.4510756193602167
7.0,0.745,0.12,1.8,0.114,64.0,0.99588,3.22,0.59,9.5,6,1.0296194171811583,0.10795714150509228,4.174387269895637,0.4637340162321401
7.2,0.415,0.36,2.0,0.081,45.0,0.9972,3.48,0.64,9.2,5,1.0986122886681098,0.07788653865707122,3.828641396489095,0.49469624183610705
8.8,0.27,0.46,2.1,0.095,29.0,0.99488,3.26,0.56,11.3,6,1.1314021114911006,0.09075436326846414,3.4011973816621555,0.44468582126144574
7.2,0.45,0.15,2.0,0.078,28.0,0.99609,3.29,0.51,9.9,6,1.0986122886681098,0.07510747248680541,3.367295829986474,0.412109650826833
7.8,0.52,0.25,1.9,0.081,38.0,0.9984,3.43,0.65,9.0,6,1.0647107369924282,0.07788653865707122,3.6635616461296463,0.5007752879124893
6.6,0.61,0.01,1.9,0.08,25.0,0.99746,3.69,0.73,10.5,5,1.0647107369924282,0.07696104113612832,3.258096538021482,0.5481214085096876
9.5,0.37,0.52,2.0,0.088,51.0,0.99613,3.29,0.58,11.1,6,1.0986122886681098,0.08434114843375087,3.9512437185814275,0.4574248470388754
7.0,0.43,0.3,2.0,0.085,39.0,0.99346,3.33,0.46,11.9,6,1.0986122886681098,0.08157998699242287,3.6888794541139363,0.3784364357202451
7.6,0.31,0.34,2.5,0.0819999999999999,35.0,0.99356,3.22,0.59,12.5,7,1.252762968495368,0.0788111804242897,3.58351893845611,0.4637340162321401
7.1,0.755,0.15,1.8,0.107,84.0,0.99593,3.19,0.5,9.5,5,1.0296194171811583,0.10165365372649983,4.442651256490317,0.4054651081081644
6.2,0.44,0.39,2.5,0.077,14.0,0.99555,3.51,0.69,11.0,6,1.252762968495368,0.07417939817425151,2.70805020110221,0.5247285289349821
9.4,0.3,0.56,2.8,0.08,17.0,0.9964,3.15,0.92,11.7,8,1.33500106673234,0.07696104113612832,2.8903717578961645,0.6523251860396903
10.2,0.33,0.46,1.9,0.081,9.0,0.99628,3.1,0.48,10.4,6,1.0647107369924282,0.07788653865707122,2.302585092994046,0.3920420877760237
10.4,0.34,0.58,3.7,0.174,16.0,0.997,3.19,0.7,11.3,6,1.547562508716013,0.16041672140590468,2.833213344056216,0.5306282510621704
6.5,0.615,0.0,1.9,0.065,18.0,0.9972,3.46,0.65,9.2,5,1.0647107369924282,0.06297479916138844,2.9444389791664403,0.5007752879124893
7.1,0.75,0.01,2.2,0.059,18.0,0.99242,3.39,0.4,12.8,6,1.1631508098056809,0.0573250666192694,2.9444389791664403,0.33647223662121295
8.8,0.24,0.35,1.7,0.055,27.0,0.99394,3.14,0.59,11.3,7,0.9932517730102833,0.053540766928029816,3.332204510175204,0.4637340162321401
9.9,0.59,0.07,3.4,0.102,71.0,1.00015,3.31,0.71,9.8,5,1.4816045409242156,0.09712671073072274,4.276666119016055,0.5364933705145685
7.9,0.33,0.41,1.5,0.0559999999999999,35.0,0.99396,3.29,0.71,11.0,6,0.9162907318741551,0.05448818528406963,3.58351893845611,0.5364933705145685
9.1,0.28,0.46,9.0,0.114,9.0,0.99901,3.18,0.6,10.9,6,2.302585092994046,0.10795714150509228,2.302585092994046,0.4700036292457355
9.9,0.49,0.58,3.5,0.094,43.0,1.0004,3.29,0.58,9.0,5,1.5040773967762742,0.08984070399978947,3.784189633918261,0.4574248470388754
7.3,0.59,0.26,2.0,0.08,104.0,0.99584,3.28,0.52,9.9,5,1.0986122886681098,0.07696104113612832,4.653960350157523,0.41871033485818504
7.3,0.305,0.39,1.2,0.059,11.0,0.99331,3.29,0.52,11.5,6,0.7884573603642702,0.0573250666192694,2.4849066497880004,0.41871033485818504
8.1,0.825,0.24,2.1,0.084,13.0,0.9972,3.37,0.77,10.7,6,1.1314021114911006,0.08065790301745447,2.6390573296152584,0.5709795465857378
8.2,1.33,0.0,1.7,0.081,12.0,0.9964,3.53,0.49,10.9,5,0.9932517730102833,0.07788653865707122,2.5649493574615367,0.3987761199573678
7.8,0.82,0.29,4.3,0.083,64.0,0.99642,3.16,0.53,9.4,5,1.667706820558076,0.07973496801885356,4.174387269895637,0.4252677354043441
7.0,0.4,0.32,3.6,0.061,29.0,0.99416,3.28,0.49,11.3,7,1.5260563034950494,0.05921185963184608,3.4011973816621555,0.3987761199573678
6.5,0.9,0.0,1.6,0.052,17.0,0.99467,3.5,0.63,10.9,6,0.9555114450274363,0.050693114315518116,2.8903717578961645,0.48858001481867097
7.1,0.68,0.0,2.2,0.073,22.0,0.9969,3.48,0.5,9.3,5,1.1631508098056809,0.07045846364856141,3.1354942159291497,0.4054651081081644
8.4,0.56,0.08,2.1,0.105,44.0,0.9958,3.13,0.52,11.0,5,1.1314021114911006,0.09984533496971613,3.8066624897703196,0.41871033485818504
7.1,0.46,0.14,2.8,0.076,37.0,0.99624,3.36,0.49,10.7,5,1.33500106673234,0.07325046173959267,3.6375861597263857,0.3987761199573678
7.5,0.77,0.2,8.1,0.098,92.0,0.99892,3.2,0.58,9.2,5,2.2082744135228043,0.09349034308733889,4.532599493153256,0.4574248470388754
7.1,0.22,0.49,1.8,0.039,18.0,0.99344,3.39,0.56,12.4,6,1.0296194171811583,0.03825871211709034,2.9444389791664403,0.44468582126144574
8.4,0.37,0.53,1.8,0.413,26.0,0.9979,3.06,1.06,9.1,6,1.0296194171811583,0.3457151037023904,3.295836866004329,0.7227059828014898
10.6,0.83,0.37,2.6,0.086,70.0,0.9981,3.16,0.52,9.9,5,1.2809338454620642,0.08250122151174369,4.2626798770413155,0.41871033485818504
10.5,0.59,0.49,2.1,0.07,47.0,0.9991,3.3,0.56,9.6,4,1.1314021114911006,0.06765864847381481,3.871201010907891,0.44468582126144574
8.2,0.51,0.24,2.0,0.079,86.0,0.99764,3.34,0.64,9.5,6,1.0986122886681098,0.0760346862759976,4.465908118654584,0.49469624183610705
8.4,0.39,0.1,1.7,0.075,25.0,0.99581,3.09,0.43,9.7,6,0.9932517730102833,0.07232066157962612,3.258096538021482,0.3576744442718159
9.8,1.24,0.34,2.0,0.079,151.0,0.998,3.15,0.53,9.5,5,1.0986122886681098,0.0760346862759976,5.0238805208462765,0.4252677354043441
9.1,0.37,0.32,2.1,0.064,15.0,0.99576,3.3,0.8,11.2,6,1.1314021114911006,0.06203539091945264,2.772588722239781,0.5877866649021191
7.1,0.35,0.29,2.5,0.096,53.0,0.9962,3.42,0.65,11.0,6,1.252762968495368,0.0916671885258238,3.9889840465642745,0.5007752879124893
7.0,0.54,0.0,2.1,0.079,55.0,0.9956,3.39,0.84,11.4,6,1.1314021114911006,0.0760346862759976,4.02535169073515,0.6097655716208943
7.7,0.66,0.04,1.6,0.039,9.0,0.9962,3.4,0.47,9.4,5,0.9555114450274363,0.03825871211709034,2.302585092994046,0.3852624007906449
10.5,0.51,0.64,2.4,0.107,15.0,0.9973,3.09,0.66,11.8,7,1.2237754316221157,0.10165365372649983,2.772588722239781,0.5068176023684519
9.7,0.66,0.34,2.6,0.094,88.0,0.99796,3.26,0.66,10.1,5,1.2809338454620642,0.08984070399978947,4.48863636973214,0.5068176023684519
9.1,0.47,0.49,2.6,0.094,106.0,0.9982,3.08,0.59,9.1,5,1.2809338454620642,0.08984070399978947,4.672828834461906,0.4637340162321401
9.2,0.56,0.18,1.6,0.078,21.0,0.99576,3.15,0.49,9.9,5,0.9555114450274363,0.07510747248680541,3.091042453358316,0.3987761199573678
9.1,0.29,0.33,2.05,0.063,27.0,0.99516,3.26,0.84,11.7,7,1.1151415906193203,0.061095099359810875,3.332204510175204,0.6097655716208943
8.1,0.29,0.36,2.2,0.048,53.0,0.995,3.27,1.01,12.4,7,1.1631508098056809,0.04688358589885042,3.9889840465642745,0.6981347220709844
8.2,0.28,0.4,2.4,0.052,10.0,0.99356,3.33,0.7,12.8,7,1.2237754316221157,0.050693114315518116,2.3978952727983707,0.5306282510621704
6.7,0.62,0.21,1.9,0.079,62.0,0.997,3.52,0.58,9.3,6,1.0647107369924282,0.0760346862759976,4.143134726391533,0.4574248470388754
8.2,0.26,0.34,2.5,0.073,47.0,0.99594,3.4,0.78,11.3,7,1.252762968495368,0.07045846364856141,3.871201010907891,0.5766133643039938
6.2,0.36,0.24,2.2,0.095,42.0,0.9946,3.57,0.57,11.7,6,1.1631508098056809,0.09075436326846414,3.7612001156935624,0.4510756193602167
6.0,0.64,0.05,1.9,0.066,17.0,0.99496,3.52,0.78,10.6,5,1.0647107369924282,0.0639133257436528,2.8903717578961645,0.5766133643039938
12.0,0.37,0.76,4.2,0.066,38.0,1.0004,3.22,0.6,13.0,7,1.6486586255873816,0.0639133257436528,3.6635616461296463,0.4700036292457355
12.0,0.5,0.59,1.4,0.073,42.0,0.998,2.92,0.68,10.5,7,0.8754687373538999,0.07045846364856141,3.7612001156935624,0.5187937934151676
9.0,0.36,0.52,2.1,0.111,10.0,0.99568,3.31,0.62,11.3,6,1.1314021114911006,0.10526051065749295,2.3978952727983707,0.4824261492442927
6.8,0.69,0.0,5.6,0.124,58.0,0.9997,3.46,0.72,10.2,5,1.8870696490323797,0.11689375147149933,4.07753744390572,0.5423242908253617
9.0,0.62,0.04,1.9,0.146,90.0,0.9984,3.16,0.7,9.4,5,1.0647107369924282,0.1362776182925478,4.51085950651685,0.5306282510621704
7.2,0.38,0.31,2.0,0.0559999999999999,29.0,0.99472,3.23,0.76,11.3,8,1.0986122886681098,0.05448818528406963,3.4011973816621555,0.5653138090500605
6.9,0.39,0.24,2.1,0.102,7.0,0.99462,3.44,0.58,11.4,4,1.1314021114911006,0.09712671073072274,2.0794415416798357,0.4574248470388754
11.1,0.44,0.42,2.2,0.064,19.0,0.99758,3.25,0.57,10.4,6,1.1631508098056809,0.06203539091945264,2.995732273553991,0.4510756193602167
7.9,0.545,0.06,4.0,0.087,61.0,0.9965,3.36,0.67,10.7,6,1.6094379124341003,0.08342160813907239,4.127134385045092,0.5128236264286637
10.0,0.35,0.45,2.5,0.092,88.0,0.99918,3.15,0.43,9.4,5,1.252762968495368,0.0880108773227133,4.48863636973214,0.3576744442718159
8.8,0.685,0.26,1.6,0.088,23.0,0.99694,3.32,0.47,9.4,5,0.9555114450274363,0.08434114843375087,3.1780538303479458,0.3852624007906449
7.7,0.965,0.1,2.1,0.1119999999999999,22.0,0.9963,3.26,0.5,9.5,5,1.1314021114911006,0.10616019582839055,3.1354942159291497,0.4054651081081644
5.1,0.585,0.0,1.7,0.044,86.0,0.99264,3.56,0.94,12.9,7,0.9932517730102833,0.04305948946044697,4.465908118654584,0.6626879730752367
7.2,0.655,0.03,1.8,0.078,12.0,0.99587,3.34,0.39,9.5,5,1.0296194171811583,0.07510747248680541,2.5649493574615367,0.3293037471426004
11.5,0.315,0.54,2.1,0.084,15.0,0.9987,2.98,0.7,9.2,6,1.1314021114911006,0.08065790301745447,2.772588722239781,0.5306282510621704
6.8,0.81,0.05,2.0,0.07,14.0,0.99562,3.51,0.66,10.8,6,1.0986122886681098,0.06765864847381481,2.70805020110221,0.5068176023684519
10.0,0.69,0.11,1.4,0.084,24.0,0.99578,2.88,0.47,9.7,5,0.8754687373538999,0.08065790301745447,3.2188758248682006,0.3852624007906449
7.0,0.655,0.16,2.1,0.074,25.0,0.99606,3.37,0.55,9.7,5,1.1314021114911006,0.07138999608667294,3.258096538021482,0.4382549309311553
7.0,0.685,0.0,1.9,0.067,63.0,0.9979,3.6,0.81,9.9,5,1.0647107369924282,0.06485097231961631,4.1588830833596715,0.5933268452777344
10.6,0.42,0.48,2.7,0.065,18.0,0.9972,3.21,0.87,11.3,6,1.308332819650179,0.06297479916138844,2.9444389791664403,0.6259384308664953
6.8,0.68,0.21,2.1,0.07,23.0,0.99546,3.38,0.6,10.3,5,1.1314021114911006,0.06765864847381481,3.1780538303479458,0.4700036292457355
4.6,0.52,0.15,2.1,0.054,65.0,0.9934,3.9,0.56,13.1,4,1.1314021114911006,0.05259245011917058,4.189654742026425,0.44468582126144574
7.5,0.71,0.0,1.6,0.092,31.0,0.99635,3.38,0.58,10.0,6,0.9555114450274363,0.0880108773227133,3.4657359027997265,0.4574248470388754
7.2,0.38,0.38,2.8,0.068,42.0,0.99356,3.34,0.72,12.9,7,1.33500106673234,0.0657877405380031,3.7612001156935624,0.5423242908253617
7.2,0.53,0.14,2.1,0.064,29.0,0.99323,3.35,0.61,12.1,6,1.1314021114911006,0.06203539091945264,3.4011973816621555,0.4762341789963716
11.7,0.28,0.47,1.7,0.054,32.0,0.99686,3.15,0.67,10.6,7,0.9932517730102833,0.05259245011917058,3.4965075614664802,0.5128236264286637
6.1,0.59,0.01,2.1,0.0559999999999999,13.0,0.99472,3.52,0.56,11.4,5,1.1314021114911006,0.05448818528406963,2.6390573296152584,0.44468582126144574
7.7,0.56,0.08,2.5,0.114,46.0,0.9971,3.24,0.66,9.6,6,1.252762968495368,0.10795714150509228,3.8501476017100584,0.5068176023684519
7.0,0.59,0.0,1.7,0.052,8.0,0.996,3.41,0.47,10.3,5,0.9932517730102833,0.050693114315518116,2.1972245773362196,0.3852624007906449
6.2,0.56,0.09,1.7,0.053,32.0,0.99402,3.54,0.6,11.3,5,0.9932517730102833,0.05164323315183845,3.4965075614664802,0.4700036292457355
8.4,0.6,0.1,2.2,0.085,111.0,0.9964,3.15,0.66,9.8,5,1.1631508098056809,0.08157998699242287,4.718498871295094,0.5068176023684519
8.6,0.49,0.51,2.0,0.422,62.0,0.9979,3.03,1.17,9.0,5,1.0986122886681098,0.35206433138104914,4.143134726391533,0.7747271675523681
8.2,0.74,0.09,2.0,0.067,10.0,0.99418,3.28,0.57,11.8,6,1.0986122886681098,0.06485097231961631,2.3978952727983707,0.4510756193602167
8.8,0.61,0.14,2.4,0.067,42.0,0.9969,3.19,0.59,9.5,5,1.2237754316221157,0.06485097231961631,3.7612001156935624,0.4637340162321401
11.8,0.33,0.49,3.4,0.093,80.0,1.0002,3.3,0.76,10.7,7,1.4816045409242156,0.08892620919440151,4.394449154672439,0.5653138090500605
8.0,0.33,0.53,2.5,0.091,80.0,0.9976,3.37,0.8,9.6,6,1.252762968495368,0.08709470685093376,4.394449154672439,0.5877866649021191
7.8,0.61,0.29,1.6,0.114,29.0,0.9974,3.26,1.56,9.1,5,0.9555114450274363,0.10795714150509228,3.4011973816621555,0.9400072584914712
7.4,0.58,0.0,2.0,0.064,11.0,0.99562,3.45,0.58,11.3,6,1.0986122886681098,0.06203539091945264,2.4849066497880004,0.4574248470388754
7.2,0.645,0.0,1.9,0.0969999999999999,39.0,0.99675,3.37,0.58,9.2,6,1.0647107369924282,0.0925791812930931,3.6888794541139363,0.4574248470388754
8.2,1.0,0.09,2.3,0.065,37.0,0.99685,3.32,0.55,9.0,6,1.1939224684724346,0.06297479916138844,3.6375861597263857,0.4382549309311553
5.0,0.42,0.24,2.0,0.06,50.0,0.9917,3.72,0.74,14.0,8,1.0986122886681098,0.058268908123975775,3.9318256327243257,0.5538851132264376
8.5,0.34,0.4,4.7,0.055,9.0,0.99738,3.38,0.66,11.6,7,1.7404661748405046,0.053540766928029816,2.302585092994046,0.5068176023684519
9.8,0.37,0.39,2.5,0.079,65.0,0.99729,3.16,0.59,9.8,5,1.252762968495368,0.0760346862759976,4.189654742026425,0.4637340162321401
7.4,0.67,0.12,1.6,0.186,21.0,0.996,3.39,0.54,9.5,5,0.9555114450274363,0.1705863005755337,3.091042453358316,0.43178241642553783
8.2,0.64,0.27,2.0,0.095,77.0,0.99747,3.13,0.62,9.1,6,1.0986122886681098,0.09075436326846414,4.356708826689592,0.4824261492442927
9.9,0.4,0.53,6.7,0.0969999999999999,19.0,0.9986,3.27,0.82,11.7,7,2.0412203288596382,0.0925791812930931,2.995732273553991,0.598836501088704
6.9,0.58,0.2,1.75,0.0579999999999999,22.0,0.99322,3.38,0.49,11.7,5,1.0116009116784799,0.056380333436107544,3.1354942159291497,0.3987761199573678
7.9,0.29,0.49,2.2,0.096,59.0,0.99714,3.31,0.67,10.1,6,1.1631508098056809,0.0916671885258238,4.0943445622221,0.5128236264286637
6.6,0.815,0.02,2.7,0.072,34.0,0.9955,3.58,0.89,12.3,7,1.308332819650179,0.06952606264861023,3.5553480614894135,0.636576829071551
7.0,0.42,0.19,2.3,0.071,36.0,0.99476,3.39,0.56,10.9,5,1.1939224684724346,0.06859279146561172,3.6109179126442243,0.44468582126144574
8.4,0.635,0.36,2.0,0.089,55.0,0.99745,3.31,0.57,10.4,4,1.0986122886681098,0.08525984395082342,4.02535169073515,0.4510756193602167
8.3,0.705,0.12,2.6,0.092,28.0,0.9994,3.51,0.72,10.0,5,1.2809338454620642,0.0880108773227133,3.367295829986474,0.5423242908253617
7.2,0.61,0.08,4.0,0.0819999999999999,108.0,0.99641,3.25,0.51,9.4,5,1.6094379124341003,0.0788111804242897,4.6913478822291435,0.412109650826833
8.4,0.34,0.42,2.1,0.072,36.0,0.99392,3.11,0.78,12.4,6,1.1314021114911006,0.06952606264861023,3.6109179126442243,0.5766133643039938
8.3,0.845,0.01,2.2,0.07,14.0,0.9967,3.32,0.58,11.0,4,1.1631508098056809,0.06765864847381481,2.70805020110221,0.4574248470388754
10.2,0.36,0.64,2.9,0.122,41.0,0.998,3.23,0.66,12.5,6,1.3609765531356006,0.11511280710050457,3.7376696182833684,0.5068176023684519
10.2,0.4,0.4,2.5,0.068,54.0,0.99754,3.38,0.86,10.5,6,1.252762968495368,0.0657877405380031,4.007333185232471,0.6205764877251099
10.0,0.32,0.59,2.2,0.077,15.0,0.9994,3.2,0.78,9.6,5,1.1631508098056809,0.07417939817425151,2.772588722239781,0.5766133643039938
7.2,0.36,0.46,2.1,0.074,44.0,0.99534,3.4,0.85,11.0,7,1.1314021114911006,0.07138999608667294,3.8066624897703196,0.6151856390902335
6.7,0.42,0.27,8.6,0.068,148.0,0.9948,3.16,0.57,11.3,6,2.2617630984737906,0.0657877405380031,5.003946305945459,0.4510756193602167
7.9,0.4,0.3,1.8,0.157,45.0,0.99727,3.31,0.91,9.5,6,1.0296194171811583,0.1458304482115395,3.828641396489095,0.6471032420585385
8.7,0.765,0.22,2.3,0.064,42.0,0.9963,3.1,0.55,9.4,5,1.1939224684724346,0.06203539091945264,3.7612001156935624,0.4382549309311553
10.1,0.31,0.44,2.3,0.08,46.0,0.9988,3.32,0.67,9.7,6,1.1939224684724346,0.07696104113612832,3.8501476017100584,0.5128236264286637
9.2,0.53,0.24,2.6,0.078,139.0,0.99788,3.21,0.57,9.5,5,1.2809338454620642,0.07510747248680541,4.941642422609304,0.4510756193602167
7.6,0.29,0.49,2.7,0.092,60.0,0.9971,3.31,0.61,10.1,6,1.308332819650179,0.0880108773227133,4.110873864173311,0.4762341789963716
9.3,0.775,0.27,2.8,0.078,56.0,0.9984,3.31,0.67,10.6,6,1.33500106673234,0.07510747248680541,4.04305126783455,0.5128236264286637
7.1,0.715,0.0,2.35,0.071,47.0,0.99632,3.29,0.45,9.4,5,1.208960345836975,0.06859279146561172,3.871201010907891,0.37156355643248307
8.8,0.33,0.41,5.9,0.073,13.0,0.99658,3.3,0.62,12.1,7,1.9315214116032138,0.07045846364856141,2.6390573296152584,0.4824261492442927
12.8,0.84,0.63,2.4,0.088,35.0,0.9997,3.1,0.6,10.4,6,1.2237754316221157,0.08434114843375087,3.58351893845611,0.4700036292457355
6.9,0.56,0.03,1.5,0.086,46.0,0.99522,3.53,0.57,10.6,5,0.9162907318741551,0.08250122151174369,3.8501476017100584,0.4510756193602167
5.1,0.51,0.18,2.1,0.042,101.0,0.9924,3.46,0.87,12.9,7,1.1314021114911006,0.04114194333117518,4.624972813284271,0.6259384308664953
9.3,0.5,0.36,1.8,0.084,17.0,0.99704,3.27,0.77,10.8,6,1.0296194171811583,0.08065790301745447,2.8903717578961645,0.5709795465857378
6.2,0.785,0.0,2.1,0.06,13.0,0.99664,3.59,0.61,10.0,4,1.1314021114911006,0.058268908123975775,2.6390573296152584,0.4762341789963716
11.6,0.475,0.4,1.4,0.091,28.0,0.99704,3.07,0.65,10.0333333333333,6,0.8754687373538999,0.08709470685093376,3.367295829986474,0.5007752879124893
10.5,0.36,0.47,2.2,0.074,23.0,0.99638,3.23,0.76,12.0,6,1.1631508098056809,0.07138999608667294,3.1780538303479458,0.5653138090500605
8.0,0.18,0.37,0.9,0.049,109.0,0.99007,2.89,0.44,12.7,6,0.6418538861723948,0.04783732941416013,4.700480365792417,0.36464311358790924
7.7,1.005,0.15,2.1,0.102,32.0,0.99604,3.23,0.48,10.0,5,1.1314021114911006,0.09712671073072274,3.4965075614664802,0.3920420877760237
6.7,0.76,0.02,1.8,0.078,12.0,0.996,3.55,0.63,9.95,3,1.0296194171811583,0.07510747248680541,2.5649493574615367,0.48858001481867097
6.4,0.37,0.25,1.9,0.074,49.0,0.9974,3.57,0.62,9.8,6,1.0647107369924282,0.07138999608667294,3.912023005428146,0.4824261492442927
7.8,0.6,0.26,2.0,0.08,131.0,0.99622,3.21,0.52,9.9,5,1.0986122886681098,0.07696104113612832,4.882801922586371,0.41871033485818504
6.7,0.46,0.24,1.7,0.077,34.0,0.9948,3.39,0.6,10.6,6,0.9932517730102833,0.07417939817425151,3.5553480614894135,0.4700036292457355
9.9,0.74,0.19,5.8,0.111,76.0,0.99878,3.14,0.55,9.4,5,1.916922612182061,0.10526051065749295,4.343805421853684,0.4382549309311553
7.4,0.5,0.47,2.0,0.086,73.0,0.997,3.36,0.57,9.1,5,1.0986122886681098,0.08250122151174369,4.30406509320417,0.4510756193602167
7.6,0.43,0.31,2.1,0.069,74.0,0.9958,3.26,0.54,9.9,6,1.1314021114911006,0.06672363204290818,4.31748811353631,0.43178241642553783
9.1,0.3,0.34,2.0,0.064,25.0,0.99516,3.26,0.84,11.7,7,1.0986122886681098,0.06203539091945264,3.258096538021482,0.6097655716208943
12.7,0.6,0.65,2.3,0.063,25.0,0.9997,3.03,0.57,9.9,5,1.1939224684724346,0.061095099359810875,3.258096538021482,0.4510756193602167
6.7,0.75,0.01,2.4,0.078,32.0,0.9955,3.55,0.61,12.8,6,1.2237754316221157,0.07510747248680541,3.4965075614664802,0.4762341789963716
7.7,0.39,0.12,1.7,0.0969999999999999,27.0,0.99596,3.16,0.49,9.4,5,0.9932517730102833,0.0925791812930931,3.332204510175204,0.3987761199573678
8.7,0.69,0.31,3.0,0.086,81.0,1.0002,3.48,0.74,11.6,6,1.3862943611198906,0.08250122151174369,4.406719247264253,0.5538851132264376
9.1,0.795,0.0,2.6,0.096,26.0,0.9994,3.35,0.83,9.4,6,1.2809338454620642,0.0916671885258238,3.295836866004329,0.6043159668533296
8.0,0.705,0.05,1.9,0.074,19.0,0.9962,3.34,0.95,10.5,6,1.0647107369924282,0.07138999608667294,2.995732273553991,0.6678293725756554
8.7,0.42,0.45,2.4,0.072,59.0,0.99617,3.33,0.77,12.0,6,1.2237754316221157,0.06952606264861023,4.0943445622221,0.5709795465857378
10.2,0.41,0.43,2.2,0.11,37.0,0.99728,3.16,0.67,10.8,5,1.1631508098056809,0.10436001532424277,3.6375861597263857,0.5128236264286637
6.6,0.705,0.07,1.6,0.076,15.0,0.9962,3.44,0.58,10.7,5,0.9555114450274363,0.07325046173959267,2.772588722239781,0.4574248470388754
12.6,0.31,0.72,2.2,0.072,29.0,0.9987,2.88,0.82,9.8,8,1.1631508098056809,0.06952606264861023,3.4011973816621555,0.598836501088704
9.0,0.58,0.25,2.8,0.075,104.0,0.99779,3.23,0.57,9.7,5,1.33500106673234,0.07232066157962612,4.653960350157523,0.4510756193602167
5.0,1.04,0.24,1.6,0.05,96.0,0.9934,3.74,0.62,11.5,5,0.9555114450274363,0.04879016416943201,4.574710978503383,0.4824261492442927
5.8,0.29,0.26,1.7,0.063,11.0,0.9915,3.39,0.54,13.5,6,0.9932517730102833,0.061095099359810875,2.4849066497880004,0.43178241642553783
9.1,0.64,0.23,3.1,0.095,38.0,0.9998,3.28,0.59,9.7,5,1.410986973710262,0.09075436326846414,3.6635616461296463,0.4637340162321401
5.6,0.615,0.0,1.6,0.089,59.0,0.9943,3.58,0.52,9.9,5,0.9555114450274363,0.08525984395082342,4.0943445622221,0.41871033485818504
10.8,0.32,0.44,1.6,0.063,37.0,0.9985,3.22,0.78,10.0,6,0.9555114450274363,0.061095099359810875,3.6375861597263857,0.5766133643039938
5.9,0.61,0.08,2.1,0.071,24.0,0.99376,3.56,0.77,11.1,6,1.1314021114911006,0.06859279146561172,3.2188758248682006,0.5709795465857378
8.3,0.26,0.42,2.0,0.08,27.0,0.9974,3.21,0.8,9.4,6,1.0986122886681098,0.07696104113612832,3.332204510175204,0.5877866649021191
6.9,0.635,0.17,2.4,0.241,18.0,0.9961,3.4,0.59,10.3,6,1.2237754316221157,0.21591750622247016,2.9444389791664403,0.4637340162321401
9.5,0.46,0.49,6.3,0.064,17.0,0.9988,3.21,0.73,11.0,6,1.9878743481543455,0.06203539091945264,2.8903717578961645,0.5481214085096876
8.2,0.44,0.24,2.3,0.063,28.0,0.99613,3.25,0.53,10.2,6,1.1939224684724346,0.061095099359810875,3.367295829986474,0.4252677354043441
6.9,0.4,0.24,2.5,0.083,45.0,0.9959,3.26,0.58,10.0,5,1.252762968495368,0.07973496801885356,3.828641396489095,0.4574248470388754
8.9,0.35,0.4,3.6,0.11,24.0,0.99549,3.23,0.7,12.0,7,1.5260563034950494,0.10436001532424277,3.2188758248682006,0.5306282510621704
7.7,0.43,0.25,2.6,0.073,63.0,0.99615,3.37,0.58,10.5,6,1.2809338454620642,0.07045846364856141,4.1588830833596715,0.4574248470388754
5.8,0.68,0.02,1.8,0.087,94.0,0.9944,3.54,0.52,10.0,5,1.0296194171811583,0.08342160813907239,4.553876891600541,0.41871033485818504
8.3,0.56,0.22,2.4,0.0819999999999999,86.0,0.9983,3.37,0.62,9.5,5,1.2237754316221157,0.0788111804242897,4.465908118654584,0.4824261492442927
5.1,0.47,0.02,1.3,0.034,44.0,0.9921,3.9,0.62,12.8,6,0.832909122935104,0.03343477608623739,3.8066624897703196,0.4824261492442927
7.7,0.67,0.23,2.1,0.088,96.0,0.9962,3.32,0.48,9.5,5,1.1314021114911006,0.08434114843375087,4.574710978503383,0.3920420877760237
8.0,0.62,0.33,2.7,0.088,37.0,0.9972,3.31,0.58,10.7,6,1.308332819650179,0.08434114843375087,3.6375861597263857,0.4574248470388754
10.8,0.4,0.41,2.2,0.084,17.0,0.9984,3.08,0.67,9.3,6,1.1631508098056809,0.08065790301745447,2.8903717578961645,0.5128236264286637
12.0,0.39,0.66,3.0,0.093,30.0,0.9996,3.18,0.63,10.8,7,1.3862943611198906,0.08892620919440151,3.4339872044851463,0.48858001481867097
6.8,0.83,0.09,1.8,0.074,25.0,0.99534,3.38,0.45,9.6,5,1.0296194171811583,0.07138999608667294,3.258096538021482,0.37156355643248307
11.6,0.47,0.44,1.6,0.147,51.0,0.99836,3.38,0.86,9.9,4,0.9555114450274363,0.13714983814723364,3.9512437185814275,0.6205764877251099
6.9,0.5,0.04,1.5,0.085,49.0,0.9958,3.35,0.78,9.5,5,0.9162907318741551,0.08157998699242287,3.912023005428146,0.5766133643039938
12.3,0.27,0.49,3.1,0.079,46.0,0.9993,3.2,0.8,10.2,6,1.410986973710262,0.0760346862759976,3.8501476017100584,0.5877866649021191
6.4,0.885,0.0,2.3,0.166,12.0,0.99551,3.56,0.51,10.8,5,1.1939224684724346,0.15357908792830063,2.5649493574615367,0.412109650826833
6.6,0.52,0.08,2.4,0.07,26.0,0.99358,3.4,0.72,12.5,7,1.2237754316221157,0.06765864847381481,3.295836866004329,0.5423242908253617
8.9,0.31,0.36,2.6,0.0559999999999999,39.0,0.99562,3.4,0.69,11.8,5,1.2809338454620642,0.05448818528406963,3.6888794541139363,0.5247285289349821
7.3,0.55,0.03,1.6,0.072,42.0,0.9956,3.37,0.48,9.0,4,0.9555114450274363,0.06952606264861023,3.7612001156935624,0.3920420877760237
6.4,0.64,0.21,1.8,0.081,31.0,0.99689,3.59,0.66,9.8,5,1.0296194171811583,0.07788653865707122,3.4657359027997265,0.5068176023684519
7.1,0.16,0.44,2.5,0.068,31.0,0.99328,3.35,0.54,12.4,6,1.252762968495368,0.0657877405380031,3.4657359027997265,0.43178241642553783
9.3,0.715,0.24,2.1,0.07,20.0,0.9966,3.12,0.59,9.9,5,1.1314021114911006,0.06765864847381481,3.044522437723423,0.4637340162321401
6.7,0.675,0.07,2.4,0.089,82.0,0.9958,3.35,0.54,10.1,5,1.2237754316221157,0.08525984395082342,4.418840607796598,0.43178241642553783
6.6,0.84,0.03,2.3,0.059,48.0,0.9952,3.52,0.56,12.3,7,1.1939224684724346,0.0573250666192694,3.8918202981106265,0.44468582126144574
6.0,0.33,0.32,12.9,0.054,113.0,0.99572,3.3,0.56,11.5,4,2.631888840136646,0.05259245011917058,4.736198448394496,0.44468582126144574
8.1,0.66,0.7,2.2,0.098,129.0,0.9972,3.08,0.53,9.0,5,1.1631508098056809,0.09349034308733889,4.867534450455582,0.4252677354043441
6.3,0.98,0.01,2.0,0.057,33.0,0.99488,3.6,0.46,11.2,6,1.0986122886681098,0.055434706888100586,3.5263605246161616,0.3784364357202451
11.5,0.54,0.71,4.4,0.124,15.0,0.9984,3.01,0.83,11.8,7,1.6863989535702288,0.11689375147149933,2.772588722239781,0.6043159668533296
7.0,0.685,0.0,1.9,0.099,22.0,0.99606,3.34,0.6,9.7,5,1.0647107369924282,0.09440067542148431,3.1354942159291497,0.4700036292457355
9.4,0.685,0.11,2.7,0.077,31.0,0.9984,3.19,0.7,10.1,6,1.308332819650179,0.07417939817425151,3.4657359027997265,0.5306282510621704
7.7,0.54,0.26,1.9,0.089,147.0,0.99636,3.26,0.59,9.7,5,1.0647107369924282,0.08525984395082342,4.997212273764115,0.4637340162321401
6.6,0.895,0.04,2.3,0.068,13.0,0.99582,3.53,0.58,10.8,6,1.1939224684724346,0.0657877405380031,2.6390573296152584,0.4574248470388754
7.8,0.735,0.08,2.4,0.092,41.0,0.9974,3.24,0.71,9.8,6,1.2237754316221157,0.0880108773227133,3.7376696182833684,0.5364933705145685
7.0,0.65,0.02,2.1,0.066,25.0,0.9972,3.47,0.67,9.5,6,1.1314021114911006,0.0639133257436528,3.258096538021482,0.5128236264286637
8.8,0.24,0.54,2.5,0.083,57.0,0.9983,3.39,0.54,9.2,5,1.252762968495368,0.07973496801885356,4.060443010546419,0.43178241642553783
8.0,0.38,0.44,1.9,0.098,15.0,0.9956,3.3,0.64,11.4,6,1.0647107369924282,0.09349034308733889,2.772588722239781,0.49469624183610705
6.9,0.63,0.33,6.7,0.235,115.0,0.99787,3.22,0.56,9.5,5,2.0412203288596382,0.2110709700799405,4.7535901911063645,0.44468582126144574
7.9,0.35,0.46,3.6,0.078,37.0,0.9973,3.35,0.86,12.8,8,1.5260563034950494,0.07510747248680541,3.6375861597263857,0.6205764877251099
9.1,0.52,0.33,1.3,0.07,30.0,0.9978,3.24,0.6,9.3,5,0.832909122935104,0.06765864847381481,3.4339872044851463,0.4700036292457355
8.0,0.715,0.22,2.3,0.075,81.0,0.99688,3.24,0.54,9.5,6,1.1939224684724346,0.07232066157962612,4.406719247264253,0.43178241642553783
8.8,0.37,0.48,2.1,0.0969999999999999,145.0,0.9975,3.04,1.03,9.3,5,1.1314021114911006,0.0925791812930931,4.983606621708336,0.708035793053696
8.5,0.32,0.42,2.3,0.075,19.0,0.99434,3.14,0.71,11.8,7,1.1939224684724346,0.07232066157962612,2.995732273553991,0.5364933705145685
7.6,0.42,0.25,3.9,0.104,90.0,0.99784,3.15,0.57,9.1,5,1.589235205116581,0.09893994785490356,4.51085950651685,0.4510756193602167
9.3,0.37,0.44,1.6,0.038,42.0,0.99526,3.24,0.81,10.8,7,0.9555114450274363,0.037295784743696894,3.7612001156935624,0.5933268452777344
8.2,0.24,0.34,5.1,0.062,22.0,0.9974,3.22,0.94,10.9,6,1.8082887711792655,0.06015392281974709,3.1354942159291497,0.6626879730752367
7.4,0.965,0.0,2.2,0.088,32.0,0.99756,3.58,0.67,10.2,5,1.1631508098056809,0.08434114843375087,3.4965075614664802,0.5128236264286637
6.4,0.79,0.04,2.2,0.061,17.0,0.99588,3.53,0.65,10.4,6,1.1631508098056809,0.05921185963184608,2.8903717578961645,0.5007752879124893
6.4,0.31,0.09,1.4,0.066,28.0,0.99459,3.42,0.7,10.0,7,0.8754687373538999,0.0639133257436528,3.367295829986474,0.5306282510621704
7.2,0.73,0.02,2.5,0.076,42.0,0.9972,3.44,0.52,9.3,5,1.252762968495368,0.07325046173959267,3.7612001156935624,0.41871033485818504
7.6,0.48,0.31,2.8,0.07,15.0,0.99693,3.22,0.55,10.3,6,1.33500106673234,0.06765864847381481,2.772588722239781,0.4382549309311553
8.0,0.58,0.16,2.0,0.12,7.0,0.99454,3.22,0.58,11.2,6,1.0986122886681098,0.11332868530700317,2.0794415416798357,0.4574248470388754
7.2,0.62,0.06,2.5,0.078,84.0,0.99746,3.51,0.53,9.7,5,1.252762968495368,0.07510747248680541,4.442651256490317,0.4252677354043441
6.6,0.58,0.02,2.0,0.062,53.0,0.99374,3.35,0.76,11.6,7,1.0986122886681098,0.06015392281974709,3.9889840465642745,0.5653138090500605
11.5,0.3,0.6,2.0,0.067,27.0,0.9981,3.11,0.97,10.1,6,1.0986122886681098,0.06485097231961631,3.332204510175204,0.6780335427498971
9.1,0.3,0.41,2.0,0.068,24.0,0.99523,3.27,0.85,11.7,7,1.0986122886681098,0.0657877405380031,3.2188758248682006,0.6151856390902335
6.8,0.91,0.06,2.0,0.06,11.0,0.99592,3.53,0.64,10.9,4,1.0986122886681098,0.058268908123975775,2.4849066497880004,0.49469624183610705
8.3,0.715,0.15,1.8,0.089,52.0,0.9968,3.23,0.77,9.5,5,1.0296194171811583,0.08525984395082342,3.970291913552122,0.5709795465857378
8.9,0.29,0.35,1.9,0.067,57.0,0.997,3.18,1.36,10.3,6,1.0647107369924282,0.06485097231961631,4.060443010546419,0.8586616190375187
6.9,0.49,0.1,2.3,0.074,30.0,0.9959,3.42,0.58,10.2,6,1.1939224684724346,0.07138999608667294,3.4339872044851463,0.4574248470388754
10.1,0.43,0.4,2.6,0.092,52.0,0.99834,3.22,0.64,10.0,7,1.2809338454620642,0.0880108773227133,3.970291913552122,0.49469624183610705
9.1,0.21,0.37,1.6,0.067,10.0,0.99552,3.23,0.58,11.1,7,0.9555114450274363,0.06485097231961631,2.3978952727983707,0.4574248470388754
7.2,0.34,0.32,2.5,0.09,113.0,0.9966,3.32,0.79,11.1,5,1.252762968495368,0.08617769624105233,4.736198448394496,0.5822156198526637
7.4,0.785,0.19,5.2,0.094,98.0,0.99713,3.16,0.52,9.6,6,1.824549292051046,0.08984070399978947,4.59511985013459,0.41871033485818504
9.7,0.295,0.4,1.5,0.073,21.0,0.99556,3.14,0.51,10.9,6,0.9162907318741551,0.07045846364856141,3.091042453358316,0.412109650826833
7.6,0.51,0.15,2.8,0.11,73.0,0.9955,3.17,0.63,10.2,6,1.33500106673234,0.10436001532424277,4.30406509320417,0.48858001481867097
11.3,0.37,0.41,2.3,0.088,16.0,0.9988,3.09,0.8,9.3,5,1.1939224684724346,0.08434114843375087,2.833213344056216,0.5877866649021191
9.1,0.34,0.42,1.8,0.0579999999999999,18.0,0.99392,3.18,0.55,11.4,5,1.0296194171811583,0.056380333436107544,2.9444389791664403,0.4382549309311553
6.1,0.21,0.4,1.4,0.066,165.0,0.9912,3.25,0.59,11.9,6,0.8754687373538999,0.0639133257436528,5.111987788356544,0.4637340162321401
8.9,0.62,0.18,3.8,0.176,145.0,0.9986,3.16,0.88,9.2,5,1.5686159179138452,0.16211884947643518,4.983606621708336,0.6312717768418579
7.0,0.69,0.07,2.5,0.091,21.0,0.99572,3.38,0.6,11.3,6,1.252762968495368,0.08709470685093376,3.091042453358316,0.4700036292457355
8.3,0.34,0.4,2.4,0.065,48.0,0.99554,3.34,0.86,11.0,6,1.2237754316221157,0.06297479916138844,3.8918202981106265,0.6205764877251099
6.6,0.695,0.0,2.1,0.075,56.0,0.9968,3.49,0.67,9.2,5,1.1314021114911006,0.07232066157962612,4.04305126783455,0.5128236264286637
8.4,0.37,0.43,2.3,0.063,19.0,0.9955,3.17,0.81,11.2,7,1.1939224684724346,0.061095099359810875,2.995732273553991,0.5933268452777344
9.2,0.59,0.24,3.3,0.1009999999999999,47.0,0.9988,3.26,0.67,9.6,5,1.4586150226995167,0.09621885774054281,3.871201010907891,0.5128236264286637
10.4,0.33,0.63,2.8,0.084,22.0,0.9998,3.26,0.74,11.2,7,1.33500106673234,0.08065790301745447,3.1354942159291497,0.5538851132264376
7.8,0.44,0.28,2.7,0.1,95.0,0.9966,3.22,0.67,9.4,5,1.308332819650179,0.09531017980432487,4.564348191467836,0.5128236264286637
12.4,0.42,0.49,4.6,0.073,43.0,0.9978,3.02,0.61,9.5,5,1.7227665977411035,0.07045846364856141,3.784189633918261,0.4762341789963716
6.0,0.31,0.47,3.6,0.067,42.0,0.99549,3.39,0.66,11.0,6,1.5260563034950494,0.06485097231961631,3.7612001156935624,0.5068176023684519
5.2,0.645,0.0,2.15,0.08,28.0,0.99444,3.78,0.61,12.5,6,1.1474024528375417,0.07696104113612832,3.367295829986474,0.4762341789963716
8.8,0.48,0.41,3.3,0.092,52.0,0.9982,3.31,0.53,10.5,6,1.4586150226995167,0.0880108773227133,3.970291913552122,0.4252677354043441
7.6,0.5,0.29,2.3,0.086,14.0,0.99502,3.32,0.62,11.5,6,1.1939224684724346,0.08250122151174369,2.70805020110221,0.4824261492442927
5.1,0.42,0.0,1.8,0.044,88.0,0.99157,3.68,0.73,13.6,7,1.0296194171811583,0.04305948946044697,4.48863636973214,0.5481214085096876
6.9,0.51,0.23,2.0,0.072,22.0,0.99438,3.4,0.84,11.2,6,1.0986122886681098,0.06952606264861023,3.1354942159291497,0.6097655716208943
10.2,0.29,0.65,2.4,0.075,17.0,0.99565,3.22,0.63,11.8,6,1.2237754316221157,0.07232066157962612,2.8903717578961645,0.48858001481867097
7.4,0.635,0.1,2.4,0.08,33.0,0.99736,3.58,0.69,10.8,7,1.2237754316221157,0.07696104113612832,3.5263605246161616,0.5247285289349821
5.6,0.54,0.04,1.7,0.049,13.0,0.9942,3.72,0.58,11.4,5,0.9932517730102833,0.04783732941416013,2.6390573296152584,0.4574248470388754
10.8,0.89,0.3,2.6,0.132,60.0,0.99786,2.99,1.18,10.2,5,1.2809338454620642,0.1239859797809912,4.110873864173311,0.7793248768009976
10.0,0.46,0.44,2.9,0.065,8.0,0.99674,3.33,0.62,12.2,6,1.3609765531356006,0.06297479916138844,2.1972245773362196,0.4824261492442927
10.2,0.42,0.57,3.4,0.07,10.0,0.9971,3.04,0.63,9.6,5,1.4816045409242156,0.06765864847381481,2.3978952727983707,0.48858001481867097
7.8,0.32,0.44,2.7,0.104,17.0,0.99732,3.33,0.78,11.0,7,1.308332819650179,0.09893994785490356,2.8903717578961645,0.5766133643039938
7.0,0.64,0.02,2.1,0.067,23.0,0.997,3.47,0.67,9.4,6,1.1314021114911006,0.06485097231961631,3.1780538303479458,0.5128236264286637
8.9,0.875,0.13,3.45,0.088,14.0,0.9994,3.44,0.52,11.5,5,1.4929040961781488,0.08434114843375087,2.70805020110221,0.41871033485818504
8.0,0.62,0.35,2.8,0.086,52.0,0.997,3.31,0.62,10.8,5,1.33500106673234,0.08250122151174369,3.970291913552122,0.4824261492442927
10.3,0.59,0.42,2.8,0.09,73.0,0.999,3.28,0.7,9.5,6,1.33500106673234,0.08617769624105233,4.30406509320417,0.5306282510621704
7.2,0.48,0.07,5.5,0.089,18.0,0.99684,3.37,0.68,11.2,7,1.8718021769015913,0.08525984395082342,2.9444389791664403,0.5187937934151676
8.8,0.31,0.4,2.8,0.109,16.0,0.99614,3.31,0.79,11.8,7,1.33500106673234,0.10345870836822998,2.833213344056216,0.5822156198526637
6.8,0.67,0.0,1.9,0.08,39.0,0.99701,3.4,0.74,9.7,5,1.0647107369924282,0.07696104113612832,3.6888794541139363,0.5538851132264376
11.6,0.32,0.55,2.8,0.081,67.0,1.0002,3.32,0.92,10.8,7,1.33500106673234,0.07788653865707122,4.219507705176107,0.6523251860396903
15.0,0.21,0.44,2.2,0.075,24.0,1.00005,3.07,0.84,9.2,7,1.1631508098056809,0.07232066157962612,3.2188758248682006,0.6097655716208943
6.8,0.36,0.32,1.8,0.067,8.0,0.9928,3.36,0.55,12.8,7,1.0296194171811583,0.06485097231961631,2.1972245773362196,0.4382549309311553
10.4,0.28,0.54,2.7,0.105,19.0,0.9988,3.25,0.63,9.5,5,1.308332819650179,0.09984533496971613,2.995732273553991,0.48858001481867097
6.8,0.64,0.1,2.1,0.085,101.0,0.9956,3.34,0.52,10.2,5,1.1314021114911006,0.08157998699242287,4.624972813284271,0.41871033485818504
12.6,0.38,0.66,2.6,0.088,41.0,1.001,3.17,0.68,9.8,6,1.2809338454620642,0.08434114843375087,3.7376696182833684,0.5187937934151676
11.6,0.41,0.54,1.5,0.095,41.0,0.99735,3.02,0.76,9.9,7,0.9162907318741551,0.09075436326846414,3.7376696182833684,0.5653138090500605
9.9,0.54,0.26,2.0,0.111,60.0,0.99709,2.94,0.98,10.2,5,1.0986122886681098,0.10526051065749295,4.110873864173311,0.6830968447064438
9.9,0.32,0.56,2.0,0.073,8.0,0.99534,3.15,0.73,11.4,6,1.0986122886681098,0.07045846364856141,2.1972245773362196,0.5481214085096876
6.8,0.67,0.15,1.8,0.118,20.0,0.9954,3.42,0.67,11.3,6,1.0296194171811583,0.11154137473290741,3.044522437723423,0.5128236264286637
6.8,0.48,0.25,2.0,0.076,61.0,0.9953,3.34,0.6,10.4,5,1.0986122886681098,0.07325046173959267,4.127134385045092,0.4700036292457355
11.3,0.36,0.66,2.4,0.123,8.0,0.99642,3.2,0.53,11.9,6,1.2237754316221157,0.11600367575630613,2.1972245773362196,0.4252677354043441
10.2,0.24,0.49,2.4,0.075,28.0,0.9978,3.14,0.61,10.4,5,1.2237754316221157,0.07232066157962612,3.367295829986474,0.4762341789963716
7.6,0.46,0.11,2.6,0.079,49.0,0.9968,3.21,0.57,10.0,5,1.2809338454620642,0.0760346862759976,3.912023005428146,0.4510756193602167
7.3,0.735,0.0,2.2,0.08,28.0,0.99765,3.41,0.6,9.4,5,1.1631508098056809,0.07696104113612832,3.367295829986474,0.4700036292457355
10.3,0.27,0.24,2.1,0.072,33.0,0.9956,3.22,0.66,12.8,6,1.1314021114911006,0.06952606264861023,3.5263605246161616,0.5068176023684519
6.9,0.765,0.02,2.3,0.063,63.0,0.9975,3.57,0.78,9.9,5,1.1939224684724346,0.061095099359810875,4.1588830833596715,0.5766133643039938
7.1,0.66,0.0,3.9,0.086,45.0,0.9976,3.46,0.54,9.5,5,1.589235205116581,0.08250122151174369,3.828641396489095,0.43178241642553783
9.8,0.88,0.25,2.5,0.104,155.0,1.001,3.41,0.67,11.2,5,1.252762968495368,0.09893994785490356,5.049856007249537,0.5128236264286637
7.6,1.58,0.0,2.1,0.1369999999999999,9.0,0.99476,3.5,0.4,10.9,3,1.1314021114911006,0.1283932147683989,2.302585092994046,0.33647223662121295
6.4,0.39,0.33,3.3,0.046,53.0,0.99294,3.36,0.62,12.2,6,1.4586150226995167,0.044973365642731154,3.9889840465642745,0.4824261492442927
7.7,0.61,0.18,2.4,0.083,20.0,0.9963,3.29,0.6,10.2,6,1.2237754316221157,0.07973496801885356,3.044522437723423,0.4700036292457355
6.4,0.57,0.02,1.8,0.067,11.0,0.997,3.46,0.68,9.5,5,1.0296194171811583,0.06485097231961631,2.4849066497880004,0.5187937934151676
7.7,0.96,0.2,2.0,0.047,60.0,0.9955,3.36,0.44,10.9,5,1.0986122886681098,0.045928931888399804,4.110873864173311,0.36464311358790924
7.4,0.66,0.0,1.8,0.075,40.0,0.9978,3.51,0.56,9.4,5,1.0296194171811583,0.07232066157962612,3.713572066704308,0.44468582126144574
8.3,0.31,0.39,2.4,0.078,43.0,0.99444,3.31,0.77,12.5,7,1.2237754316221157,0.07510747248680541,3.784189633918261,0.5709795465857378
9.9,0.74,0.28,2.6,0.078,77.0,0.998,3.28,0.51,9.8,5,1.2809338454620642,0.07510747248680541,4.356708826689592,0.412109650826833
6.9,0.63,0.02,1.9,0.078,30.0,0.99712,3.4,0.75,9.8,5,1.0647107369924282,0.07510747248680541,3.4339872044851463,0.5596157879354227
9.2,0.63,0.21,2.7,0.0969999999999999,65.0,0.9988,3.28,0.58,9.6,5,1.308332819650179,0.0925791812930931,4.189654742026425,0.4574248470388754
7.5,0.64,0.0,2.4,0.077,29.0,0.9965,3.32,0.6,10.0,6,1.2237754316221157,0.07417939817425151,3.4011973816621555,0.4700036292457355
8.7,0.46,0.31,2.5,0.126,64.0,0.99746,3.1,0.74,9.6,5,1.252762968495368,0.11867152971749864,4.174387269895637,0.5538851132264376
9.2,0.46,0.23,2.6,0.091,77.0,0.99922,3.15,0.51,9.4,5,1.2809338454620642,0.08709470685093376,4.356708826689592,0.412109650826833
8.4,0.36,0.32,2.2,0.081,79.0,0.9964,3.3,0.72,11.0,6,1.1631508098056809,0.07788653865707122,4.382026634673881,0.5423242908253617
6.5,0.34,0.27,2.8,0.067,44.0,0.99384,3.21,0.56,12.0,6,1.33500106673234,0.06485097231961631,3.8066624897703196,0.44468582126144574
7.5,0.61,0.2,1.7,0.076,60.0,0.99494,3.1,0.4,9.3,5,0.9932517730102833,0.07325046173959267,4.110873864173311,0.33647223662121295
8.7,0.29,0.52,1.6,0.113,37.0,0.9969,3.25,0.58,9.5,5,0.9555114450274363,0.10705907229340778,3.6375861597263857,0.4574248470388754
7.6,0.735,0.02,2.5,0.071,14.0,0.99538,3.51,0.71,11.7,7,1.252762968495368,0.06859279146561172,2.70805020110221,0.5364933705145685
9.8,0.5,0.34,2.3,0.094,45.0,0.99864,3.24,0.6,9.7,7,1.1939224684724346,0.08984070399978947,3.828641396489095,0.4700036292457355
8.5,0.37,0.2,2.8,0.09,58.0,0.998,3.34,0.7,9.6,6,1.33500106673234,0.08617769624105233,4.07753744390572,0.5306282510621704
12.8,0.3,0.74,2.6,0.095,28.0,0.9994,3.2,0.77,10.8,7,1.2809338454620642,0.09075436326846414,3.367295829986474,0.5709795465857378
6.9,0.54,0.04,3.0,0.077,27.0,0.9987,3.69,0.91,9.4,6,1.3862943611198906,0.07417939817425151,3.332204510175204,0.6471032420585385
10.5,0.26,0.47,1.9,0.078,24.0,0.9976,3.18,1.04,10.9,7,1.0647107369924282,0.07510747248680541,3.2188758248682006,0.712949807856125
9.3,0.49,0.36,1.7,0.081,14.0,0.99702,3.27,0.78,10.9,6,0.9932517730102833,0.07788653865707122,2.70805020110221,0.5766133643039938
10.0,0.58,0.22,1.9,0.08,32.0,0.9974,3.13,0.55,9.5,5,1.0647107369924282,0.07696104113612832,3.4965075614664802,0.4382549309311553
7.9,0.52,0.26,1.9,0.079,140.0,0.9964,3.23,0.54,9.5,5,1.0647107369924282,0.0760346862759976,4.948759890378168,0.43178241642553783
9.4,0.685,0.26,2.4,0.0819999999999999,143.0,0.9978,3.28,0.55,9.4,5,1.2237754316221157,0.0788111804242897,4.969813299576001,0.4382549309311553
7.8,0.58,0.13,2.1,0.102,36.0,0.9944,3.24,0.53,11.2,6,1.1314021114911006,0.09712671073072274,3.6109179126442243,0.4252677354043441
10.0,0.48,0.24,2.7,0.102,32.0,1.0,3.28,0.56,10.0,6,1.308332819650179,0.09712671073072274,3.4965075614664802,0.44468582126144574
9.3,0.43,0.44,1.9,0.085,22.0,0.99708,3.28,0.55,9.5,5,1.0647107369924282,0.08157998699242287,3.1354942159291497,0.4382549309311553
7.0,0.735,0.05,2.0,0.081,54.0,0.9966,3.39,0.57,9.8,5,1.0986122886681098,0.07788653865707122,4.007333185232471,0.4510756193602167
7.1,0.59,0.0,2.2,0.078,44.0,0.99522,3.42,0.68,10.8,6,1.1631508098056809,0.07510747248680541,3.8066624897703196,0.5187937934151676
10.2,0.67,0.39,1.9,0.054,17.0,0.9976,3.17,0.47,10.0,5,1.0647107369924282,0.05259245011917058,2.8903717578961645,0.3852624007906449
13.0,0.47,0.49,4.3,0.085,47.0,1.0021,3.3,0.68,12.7,6,1.667706820558076,0.08157998699242287,3.871201010907891,0.5187937934151676
7.4,0.6,0.26,7.3,0.07,121.0,0.9982,3.37,0.49,9.4,5,2.1162555148025524,0.06765864847381481,4.804021044733257,0.3987761199573678
7.5,0.65,0.18,7.0,0.088,94.0,0.99915,3.38,0.77,9.4,5,2.0794415416798357,0.08434114843375087,4.553876891600541,0.5709795465857378
7.6,0.41,0.14,3.0,0.087,43.0,0.9964,3.32,0.57,10.5,6,1.3862943611198906,0.08342160813907239,3.784189633918261,0.4510756193602167
10.4,0.24,0.46,1.8,0.075,21.0,0.9976,3.25,1.02,10.8,7,1.0296194171811583,0.07232066157962612,3.091042453358316,0.7030975114131134
7.4,0.41,0.24,1.8,0.066,47.0,0.9956,3.37,0.62,10.4,5,1.0296194171811583,0.0639133257436528,3.871201010907891,0.4824261492442927
6.6,0.44,0.15,2.1,0.076,53.0,0.9957,3.32,0.62,9.3,5,1.1314021114911006,0.07325046173959267,3.9889840465642745,0.4824261492442927
11.1,0.31,0.53,2.2,0.06,10.0,0.99572,3.02,0.83,10.9,7,1.1631508098056809,0.058268908123975775,2.3978952727983707,0.6043159668533296
8.1,0.785,0.52,2.0,0.122,153.0,0.9969,3.21,0.69,9.3,5,1.0986122886681098,0.11511280710050457,5.0369526024136295,0.5247285289349821
6.6,0.5,0.01,1.5,0.06,26.0,0.9952,3.4,0.58,9.8,6,0.9162907318741551,0.058268908123975775,3.295836866004329,0.4574248470388754
11.5,0.42,0.48,2.6,0.077,20.0,0.99852,3.09,0.53,11.0,5,1.2809338454620642,0.07417939817425151,3.044522437723423,0.4252677354043441
5.8,0.61,0.11,1.8,0.066,28.0,0.99483,3.55,0.66,10.9,6,1.0296194171811583,0.0639133257436528,3.367295829986474,0.5068176023684519
7.3,0.32,0.23,2.3,0.066,70.0,0.99588,3.43,0.62,10.1,5,1.1939224684724346,0.0639133257436528,4.2626798770413155,0.4824261492442927
7.5,0.31,0.41,2.4,0.065,60.0,0.99492,3.34,0.85,11.4,6,1.2237754316221157,0.06297479916138844,4.110873864173311,0.6151856390902335
8.0,0.6,0.08,2.6,0.0559999999999999,7.0,0.99286,3.22,0.37,13.0,5,1.2809338454620642,0.05448818528406963,2.0794415416798357,0.31481073984003355
6.9,0.63,0.01,2.4,0.076,39.0,0.99522,3.34,0.53,10.8,6,1.2237754316221157,0.07325046173959267,3.6888794541139363,0.4252677354043441
9.0,0.8,0.12,2.4,0.083,28.0,0.99836,3.33,0.65,10.4,6,1.2237754316221157,0.07973496801885356,3.367295829986474,0.5007752879124893
8.4,0.67,0.19,2.2,0.093,75.0,0.99736,3.2,0.59,9.2,4,1.1631508098056809,0.08892620919440151,4.330733340286331,0.4637340162321401
6.0,0.5,0.0,1.4,0.057,26.0,0.99448,3.36,0.45,9.5,5,0.8754687373538999,0.055434706888100586,3.295836866004329,0.37156355643248307
11.7,0.49,0.49,2.2,0.083,15.0,1.0,3.19,0.43,9.2,5,1.1631508098056809,0.07973496801885356,2.772588722239781,0.3576744442718159
7.1,0.39,0.12,2.1,0.065,24.0,0.99252,3.3,0.53,13.3,6,1.1314021114911006,0.06297479916138844,3.2188758248682006,0.4252677354043441
12.5,0.56,0.49,2.4,0.064,27.0,0.9999,3.08,0.87,10.9,5,1.2237754316221157,0.06203539091945264,3.332204510175204,0.6259384308664953
8.3,0.26,0.37,1.4,0.076,23.0,0.9974,3.26,0.7,9.6,6,0.8754687373538999,0.07325046173959267,3.1780538303479458,0.5306282510621704
6.8,0.59,0.06,6.0,0.06,18.0,0.9962,3.41,0.59,10.8,7,1.9459101490553132,0.058268908123975775,2.9444389791664403,0.4637340162321401
5.3,0.47,0.11,2.2,0.048,89.0,0.99182,3.54,0.88,13.566666666666698,7,1.1631508098056809,0.04688358589885042,4.499809670330265,0.6312717768418579
9.1,0.28,0.48,1.8,0.067,46.0,0.9967,3.32,1.04,10.6,6,1.0296194171811583,0.06485097231961631,3.8501476017100584,0.712949807856125
8.0,0.43,0.36,2.3,0.075,48.0,0.9976,3.34,0.46,9.4,5,1.1939224684724346,0.07232066157962612,3.8918202981106265,0.3784364357202451
8.6,0.45,0.31,2.6,0.086,50.0,0.9982,3.37,0.91,9.9,6,1.2809338454620642,0.08250122151174369,3.9318256327243257,0.6471032420585385
8.3,0.43,0.3,3.4,0.079,34.0,0.99788,3.36,0.61,10.5,5,1.4816045409242156,0.0760346862759976,3.5553480614894135,0.4762341789963716
9.6,0.6,0.5,2.3,0.079,71.0,0.9997,3.5,0.57,9.7,5,1.1939224684724346,0.0760346862759976,4.276666119016055,0.4510756193602167
7.7,0.6,0.06,2.0,0.079,41.0,0.99697,3.39,0.62,10.1,6,1.0986122886681098,0.0760346862759976,3.7376696182833684,0.4824261492442927
7.7,0.665,0.0,2.4,0.09,19.0,0.9974,3.27,0.73,9.3,5,1.2237754316221157,0.08617769624105233,2.995732273553991,0.5481214085096876
9.6,0.56,0.31,2.8,0.089,46.0,0.9979,3.11,0.92,10.0,6,1.33500106673234,0.08525984395082342,3.8501476017100584,0.6523251860396903
8.4,1.035,0.15,6.0,0.073,54.0,0.999,3.37,0.49,9.9,5,1.9459101490553132,0.07045846364856141,4.007333185232471,0.3987761199573678
11.3,0.37,0.5,1.8,0.09,47.0,0.99734,3.15,0.57,10.5,5,1.0296194171811583,0.08617769624105233,3.871201010907891,0.4510756193602167
9.3,0.61,0.26,3.4,0.09,87.0,0.99975,3.24,0.62,9.7,5,1.4816045409242156,0.08617769624105233,4.477336814478207,0.4824261492442927
8.0,0.67,0.3,2.0,0.06,62.0,0.9958,3.26,0.56,10.2,6,1.0986122886681098,0.058268908123975775,4.143134726391533,0.44468582126144574
7.2,0.725,0.05,4.65,0.086,11.0,0.9962,3.41,0.39,10.9,5,1.7316555451583497,0.08250122151174369,2.4849066497880004,0.3293037471426004
7.2,0.39,0.32,1.8,0.065,60.0,0.99714,3.46,0.78,9.9,5,1.0296194171811583,0.06297479916138844,4.110873864173311,0.5766133643039938
7.5,0.58,0.56,3.1,0.153,14.0,0.99476,3.21,1.03,11.6,6,1.410986973710262,0.14236724128692196,2.70805020110221,0.708035793053696
8.8,0.64,0.17,2.9,0.084,130.0,0.99818,3.23,0.54,9.6,5,1.3609765531356006,0.08065790301745447,4.875197323201151,0.43178241642553783
7.9,0.34,0.42,2.0,0.086,19.0,0.99546,3.35,0.6,11.4,6,1.0986122886681098,0.08250122151174369,2.995732273553991,0.4700036292457355
7.0,0.55,0.13,2.2,0.075,35.0,0.9959,3.36,0.59,9.7,6,1.1631508098056809,0.07232066157962612,3.58351893845611,0.4637340162321401
6.4,0.57,0.14,3.9,0.07,73.0,0.99669,3.32,0.48,9.2,5,1.589235205116581,0.06765864847381481,4.30406509320417,0.3920420877760237
10.7,0.4,0.48,2.1,0.125,49.0,0.998,3.03,0.81,9.7,6,1.1314021114911006,0.11778303565638346,3.912023005428146,0.5933268452777344
7.1,0.27,0.6,2.1,0.074,25.0,0.99814,3.38,0.72,10.6,6,1.1314021114911006,0.07138999608667294,3.258096538021482,0.5423242908253617
7.0,0.36,0.21,2.3,0.086,65.0,0.99558,3.4,0.54,10.1,6,1.1939224684724346,0.08250122151174369,4.189654742026425,0.43178241642553783
7.8,0.43,0.32,2.8,0.08,58.0,0.9974,3.31,0.64,10.3,5,1.33500106673234,0.07696104113612832,4.07753744390572,0.49469624183610705
10.1,0.27,0.54,2.3,0.065,26.0,0.99531,3.17,0.53,12.5,6,1.1939224684724346,0.06297479916138844,3.295836866004329,0.4252677354043441
11.5,0.31,0.51,2.2,0.079,28.0,0.9982,3.03,0.93,9.8,6,1.1631508098056809,0.0760346862759976,3.367295829986474,0.6575200029167942
7.1,0.71,0.0,1.9,0.08,35.0,0.9972,3.47,0.55,9.4,5,1.0647107369924282,0.07696104113612832,3.58351893845611,0.4382549309311553
7.6,0.4,0.29,1.9,0.078,66.0,0.9971,3.45,0.59,9.5,6,1.0647107369924282,0.07510747248680541,4.204692619390966,0.4637340162321401
9.6,0.41,0.37,2.3,0.091,23.0,0.99786,3.24,0.56,10.5,5,1.1939224684724346,0.08709470685093376,3.1780538303479458,0.44468582126144574
7.1,0.69,0.04,2.1,0.068,27.0,0.99712,3.44,0.67,9.8,5,1.1314021114911006,0.0657877405380031,3.332204510175204,0.5128236264286637
8.8,0.59,0.18,2.9,0.089,74.0,0.99738,3.14,0.54,9.4,5,1.3609765531356006,0.08525984395082342,4.31748811353631,0.43178241642553783
7.2,0.33,0.33,1.7,0.061,13.0,0.996,3.23,1.1,10.0,8,0.9932517730102833,0.05921185963184608,2.6390573296152584,0.7419373447293773
9.9,0.53,0.57,2.4,0.093,52.0,0.9971,3.19,0.76,11.6,7,1.2237754316221157,0.08892620919440151,3.970291913552122,0.5653138090500605
7.4,0.68,0.16,1.8,0.078,39.0,0.9977,3.5,0.7,9.9,6,1.0296194171811583,0.07510747248680541,3.6888794541139363,0.5306282510621704
7.6,0.74,0.0,1.9,0.1,12.0,0.99521,3.36,0.59,11.0,5,1.0647107369924282,0.09531017980432487,2.5649493574615367,0.4637340162321401
7.3,0.4,0.3,1.7,0.08,79.0,0.9969,3.41,0.65,9.5,6,0.9932517730102833,0.07696104113612832,4.382026634673881,0.5007752879124893
5.6,0.62,0.03,1.5,0.08,13.0,0.99498,3.66,0.62,10.1,4,0.9162907318741551,0.07696104113612832,2.6390573296152584,0.4824261492442927
10.0,0.49,0.2,11.0,0.071,50.0,1.0015,3.16,0.69,9.2,6,2.4849066497880004,0.06859279146561172,3.9318256327243257,0.5247285289349821
8.6,0.52,0.38,1.5,0.096,18.0,0.99666,3.2,0.52,9.4,5,0.9162907318741551,0.0916671885258238,2.9444389791664403,0.41871033485818504
7.5,0.755,0.0,1.9,0.084,12.0,0.99672,3.34,0.49,9.7,4,1.0647107369924282,0.08065790301745447,2.5649493574615367,0.3987761199573678
9.0,0.39,0.4,1.3,0.044,50.0,0.99478,3.2,0.83,10.9,6,0.832909122935104,0.04305948946044697,3.9318256327243257,0.6043159668533296
9.4,0.5,0.34,3.6,0.0819999999999999,14.0,0.9987,3.29,0.52,10.7,6,1.5260563034950494,0.0788111804242897,2.70805020110221,0.41871033485818504
6.2,0.46,0.17,1.6,0.073,11.0,0.99425,3.61,0.54,11.4,5,0.9555114450274363,0.07045846364856141,2.4849066497880004,0.43178241642553783
7.8,0.57,0.09,2.3,0.065,45.0,0.99417,3.46,0.74,12.7,8,1.1939224684724346,0.06297479916138844,3.828641396489095,0.5538851132264376
8.6,0.645,0.25,2.0,0.083,28.0,0.99815,3.28,0.6,10.0,6,1.0986122886681098,0.07973496801885356,3.367295829986474,0.4700036292457355
6.1,0.58,0.23,2.5,0.044,70.0,0.99352,3.46,0.65,12.5,6,1.252762968495368,0.04305948946044697,4.2626798770413155,0.5007752879124893
7.9,0.54,0.34,2.5,0.076,17.0,0.99235,3.2,0.72,13.1,8,1.252762968495368,0.07325046173959267,2.8903717578961645,0.5423242908253617
8.2,0.73,0.21,1.7,0.074,13.0,0.9968,3.2,0.52,9.5,5,0.9932517730102833,0.07138999608667294,2.6390573296152584,0.41871033485818504
7.9,0.18,0.4,2.2,0.049,67.0,0.996,3.33,0.93,11.3,5,1.1631508098056809,0.04783732941416013,4.219507705176107,0.6575200029167942
7.2,0.66,0.33,2.5,0.068,102.0,0.99414,3.27,0.78,12.8,6,1.252762968495368,0.0657877405380031,4.634728988229636,0.5766133643039938
6.8,0.48,0.08,1.8,0.074,64.0,0.99529,3.12,0.49,9.6,5,1.0296194171811583,0.07138999608667294,4.174387269895637,0.3987761199573678
5.0,0.74,0.0,1.2,0.0409999999999999,46.0,0.99258,4.01,0.59,12.5,6,0.7884573603642702,0.040181789632831734,3.8501476017100584,0.4637340162321401
7.9,0.65,0.01,2.5,0.078,38.0,0.9963,3.34,0.74,11.7,7,1.252762968495368,0.07510747248680541,3.6635616461296463,0.5538851132264376
12.3,0.5,0.49,2.2,0.089,14.0,1.0002,3.19,0.44,9.6,5,1.1631508098056809,0.08525984395082342,2.70805020110221,0.36464311358790924
10.6,0.31,0.49,2.5,0.067,21.0,0.9987,3.26,0.86,10.7,6,1.252762968495368,0.06485097231961631,3.091042453358316,0.6205764877251099
8.2,0.56,0.23,3.4,0.078,104.0,0.9976,3.28,0.62,9.4,5,1.4816045409242156,0.07510747248680541,4.653960350157523,0.4824261492442927
9.5,0.55,0.66,2.3,0.387,37.0,0.9982,3.17,0.67,9.6,5,1.1939224684724346,0.32714314133269456,3.6375861597263857,0.5128236264286637
12.0,0.63,0.5,1.4,0.071,26.0,0.99791,3.07,0.6,10.4,4,0.8754687373538999,0.06859279146561172,3.295836866004329,0.4700036292457355
10.4,0.575,0.61,2.6,0.076,24.0,1.0,3.16,0.69,9.0,5,1.2809338454620642,0.07325046173959267,3.2188758248682006,0.5247285289349821
9.4,0.395,0.46,4.6,0.094,10.0,0.99639,3.27,0.64,12.2,7,1.7227665977411035,0.08984070399978947,2.3978952727983707,0.49469624183610705
11.4,0.6,0.49,2.7,0.085,41.0,0.9994,3.15,0.63,10.5,6,1.308332819650179,0.08157998699242287,3.7376696182833684,0.48858001481867097
9.0,0.47,0.31,2.7,0.084,125.0,0.9984,3.31,0.61,9.4,5,1.308332819650179,0.08065790301745447,4.836281906951478,0.4762341789963716
11.2,0.67,0.55,2.3,0.084,13.0,1.0,3.17,0.71,9.5,6,1.1939224684724346,0.08065790301745447,2.6390573296152584,0.5364933705145685
9.8,0.5,0.49,2.6,0.25,20.0,0.999,3.31,0.79,10.7,6,1.2809338454620642,0.22314355131420976,3.044522437723423,0.5822156198526637
9.8,0.98,0.32,2.3,0.078,152.0,0.998,3.25,0.48,9.4,5,1.1939224684724346,0.07510747248680541,5.030437921392435,0.3920420877760237
7.3,0.49,0.1,2.6,0.068,14.0,0.99562,3.3,0.47,10.5,5,1.2809338454620642,0.0657877405380031,2.70805020110221,0.3852624007906449
7.1,0.72,0.0,1.8,0.123,14.0,0.99627,3.45,0.58,9.8,5,1.0296194171811583,0.11600367575630613,2.70805020110221,0.4574248470388754
6.7,0.48,0.08,2.1,0.064,34.0,0.99552,3.33,0.64,9.7,5,1.1314021114911006,0.06203539091945264,3.5553480614894135,0.49469624183610705
7.6,0.68,0.02,1.3,0.072,20.0,0.9965,3.17,1.08,9.2,4,0.832909122935104,0.06952606264861023,3.044522437723423,0.7323678937132266
7.5,1.115,0.1,3.1,0.086,12.0,0.9958,3.54,0.6,11.2,4,1.410986973710262,0.08250122151174369,2.5649493574615367,0.4700036292457355
8.2,0.32,0.42,2.3,0.098,9.0,0.99506,3.27,0.55,12.3,6,1.1939224684724346,0.09349034308733889,2.302585092994046,0.4382549309311553
7.2,0.58,0.03,2.3,0.077,28.0,0.99568,3.35,0.52,10.0,5,1.1939224684724346,0.07417939817425151,3.367295829986474,0.41871033485818504
9.8,0.66,0.39,3.2,0.083,59.0,0.9989,3.37,0.71,11.5,7,1.4350845252893227,0.07973496801885356,4.0943445622221,0.5364933705145685
8.0,0.71,0.0,2.6,0.08,34.0,0.9976,3.44,0.53,9.5,5,1.2809338454620642,0.07696104113612832,3.5553480614894135,0.4252677354043441
6.3,0.55,0.15,1.8,0.077,35.0,0.99314,3.32,0.82,11.6,6,1.0296194171811583,0.07417939817425151,3.58351893845611,0.598836501088704
7.3,0.67,0.26,1.8,0.401,51.0,0.9969,3.16,1.14,9.4,5,1.0296194171811583,0.33718626735486995,3.9512437185814275,0.76080582903376
7.3,0.69,0.32,2.2,0.069,104.0,0.99632,3.33,0.51,9.5,5,1.1631508098056809,0.06672363204290818,4.653960350157523,0.412109650826833
7.7,0.64,0.21,2.2,0.077,133.0,0.9956,3.27,0.45,9.9,5,1.1631508098056809,0.07417939817425151,4.897839799950911,0.37156355643248307
6.8,0.66,0.07,1.6,0.07,61.0,0.99572,3.29,0.6,9.3,5,0.9555114450274363,0.06765864847381481,4.127134385045092,0.4700036292457355
7.9,0.72,0.01,1.9,0.076,32.0,0.99668,3.39,0.54,9.6,5,1.0647107369924282,0.07325046173959267,3.4965075614664802,0.43178241642553783
8.2,0.33,0.39,2.5,0.074,48.0,0.99528,3.32,0.88,12.4,7,1.252762968495368,0.07138999608667294,3.8918202981106265,0.6312717768418579
8.8,0.27,0.39,2.0,0.1,27.0,0.99546,3.15,0.69,11.2,6,1.0986122886681098,0.09531017980432487,3.332204510175204,0.5247285289349821
7.0,0.58,0.12,1.9,0.091,124.0,0.9956,3.44,0.48,10.5,5,1.0647107369924282,0.08709470685093376,4.8283137373023015,0.3920420877760237
8.2,0.6,0.17,2.3,0.072,73.0,0.9963,3.2,0.45,9.3,5,1.1939224684724346,0.06952606264861023,4.30406509320417,0.37156355643248307
9.0,0.4,0.43,2.4,0.068,46.0,0.9943,3.2,0.6,12.2,6,1.2237754316221157,0.0657877405380031,3.8501476017100584,0.4700036292457355
6.8,0.785,0.0,2.4,0.104,30.0,0.9966,3.52,0.55,10.7,6,1.2237754316221157,0.09893994785490356,3.4339872044851463,0.4382549309311553
9.2,0.43,0.52,2.3,0.083,23.0,0.9976,3.35,0.61,11.3,6,1.1939224684724346,0.07973496801885356,3.1780538303479458,0.4762341789963716
6.8,0.59,0.1,1.7,0.063,53.0,0.9958,3.41,0.67,9.7,5,0.9932517730102833,0.061095099359810875,3.9889840465642745,0.5128236264286637
6.3,0.6,0.1,1.6,0.048,26.0,0.99306,3.55,0.51,12.1,5,0.9555114450274363,0.04688358589885042,3.295836866004329,0.412109650826833
9.1,0.5,0.3,1.9,0.065,17.0,0.99774,3.32,0.71,10.5,6,1.0647107369924282,0.06297479916138844,2.8903717578961645,0.5364933705145685
6.6,0.96,0.0,1.8,0.0819999999999999,16.0,0.9936,3.5,0.44,11.9,6,1.0296194171811583,0.0788111804242897,2.833213344056216,0.36464311358790924
6.3,0.57,0.28,2.1,0.048,49.0,0.99374,3.41,0.6,12.8,5,1.1314021114911006,0.04688358589885042,3.912023005428146,0.4700036292457355
8.6,0.685,0.1,1.6,0.092,12.0,0.99745,3.31,0.65,9.55,6,0.9555114450274363,0.0880108773227133,2.5649493574615367,0.5007752879124893
6.4,0.53,0.09,3.9,0.123,31.0,0.9968,3.5,0.67,11.0,4,1.589235205116581,0.11600367575630613,3.4657359027997265,0.5128236264286637
7.4,0.49,0.19,3.0,0.077,37.0,0.9966,3.37,0.51,10.5,5,1.3862943611198906,0.07417939817425151,3.6375861597263857,0.412109650826833
8.0,0.83,0.27,2.0,0.08,63.0,0.99652,3.29,0.48,9.8,4,1.0986122886681098,0.07696104113612832,4.1588830833596715,0.3920420877760237
9.0,0.4,0.41,2.0,0.0579999999999999,40.0,0.99414,3.22,0.6,12.2,6,1.0986122886681098,0.056380333436107544,3.713572066704308,0.4700036292457355
4.7,0.6,0.17,2.3,0.0579999999999999,106.0,0.9932,3.85,0.6,12.9,6,1.1939224684724346,0.056380333436107544,4.672828834461906,0.4700036292457355
6.5,0.61,0.0,2.2,0.095,59.0,0.99541,3.61,0.7,11.5,6,1.1631508098056809,0.09075436326846414,4.0943445622221,0.5306282510621704
7.3,0.34,0.33,2.5,0.064,37.0,0.9952,3.35,0.77,12.1,7,1.252762968495368,0.06203539091945264,3.6375861597263857,0.5709795465857378
8.5,0.46,0.59,1.4,0.414,45.0,0.99702,3.03,1.34,9.2,5,0.8754687373538999,0.346422567474381,3.828641396489095,0.8501509293696101
6.4,0.36,0.21,2.2,0.047,48.0,0.99661,3.47,0.77,9.7,6,1.1631508098056809,0.045928931888399804,3.8918202981106265,0.5709795465857378
7.2,0.49,0.18,2.7,0.069,34.0,0.9967,3.29,0.48,9.2,6,1.308332819650179,0.06672363204290818,3.5553480614894135,0.3920420877760237
10.2,0.44,0.58,4.1,0.092,24.0,0.99745,3.29,0.99,12.0,7,1.62924053973028,0.0880108773227133,3.2188758248682006,0.688134638736401
7.8,0.34,0.37,2.0,0.0819999999999999,58.0,0.9964,3.34,0.59,9.4,6,1.0986122886681098,0.0788111804242897,4.07753744390572,0.4637340162321401
9.7,0.42,0.46,2.1,0.074,16.0,0.99649,3.27,0.74,12.3,6,1.1314021114911006,0.07138999608667294,2.833213344056216,0.5538851132264376
7.2,0.6,0.04,2.5,0.076,88.0,0.99745,3.53,0.55,9.5,5,1.252762968495368,0.07325046173959267,4.48863636973214,0.4382549309311553
6.9,0.36,0.25,2.4,0.098,16.0,0.9964,3.41,0.6,10.1,6,1.2237754316221157,0.09349034308733889,2.833213344056216,0.4700036292457355
9.5,0.86,0.26,1.9,0.079,28.0,0.99712,3.25,0.62,10.0,5,1.0647107369924282,0.0760346862759976,3.367295829986474,0.4824261492442927
9.3,0.36,0.39,1.5,0.08,55.0,0.99652,3.47,0.73,10.9,6,0.9162907318741551,0.07696104113612832,4.02535169073515,0.5481214085096876
9.2,0.92,0.24,2.6,0.087,93.0,0.9998,3.48,0.54,9.8,5,1.2809338454620642,0.08342160813907239,4.543294782270004,0.43178241642553783
7.9,0.57,0.31,2.0,0.079,79.0,0.99677,3.29,0.69,9.5,6,1.0986122886681098,0.0760346862759976,4.382026634673881,0.5247285289349821
12.0,0.38,0.56,2.1,0.093,24.0,0.99925,3.14,0.71,10.9,6,1.1314021114911006,0.08892620919440151,3.2188758248682006,0.5364933705145685
8.5,0.4,0.4,6.3,0.05,10.0,0.99566,3.28,0.56,12.0,4,1.9878743481543455,0.04879016416943201,2.3978952727983707,0.44468582126144574
6.1,0.32,0.25,2.3,0.071,58.0,0.99633,3.42,0.97,10.6,5,1.1939224684724346,0.06859279146561172,4.07753744390572,0.6780335427498971
8.0,0.25,0.43,1.7,0.067,50.0,0.9946,3.38,0.6,11.9,6,0.9932517730102833,0.06485097231961631,3.9318256327243257,0.4700036292457355
